Workbook

Sheet Price diff
A1: Date | B1: HLH [$/MWh] | C1: LLH [$/MWh] | D1: 1 | E1: 2 | F1: 3 | G1: 4 | H1: 5 | I1: 6 | J1: 7 | K1: 8 | L1: 9 | M1: 10 | N1: 11 | O1: 12 | P1: 13 | Q1: 14 | R1: 15 | S1: 16 | T1: 17 | U1: 18 | V1: 19 | W1: 20 | X1: 21 | Y1: 22 | Z1: 23 | AA1: 24 | AB1: 25 | AC1: 26 | AD1: 27 | AE1: 28 | AF1: 29 | AG1: 30 | AH1: 31 | AI1: 32 | AJ1: 33 | AK1: 34 | AL1: 35 | AM1: 36 | AN1: 37 | AO1: 38 | AP1: 39 | AQ1: 40 | AR1: 41 | AS1: 42 | AT1: 43 | AU1: 44 | AV1: 45 | AW1: 46 | AX1: 47 | AY1: 48 | AZ1: 49
A2: 44531 | B2: 50.76 | C2: 42.414 | D2: =(SUMPRODUCT(OFFSET('BlocksFinal (Kyle and Naser)'!$A1,0,(D$1-1)*10,1,3),{2,6,8})/16-$B2)*2/3+(SUMPRODUCT(OFFSET('BlocksFinal (Kyle and Naser)'!$A1,0,(D$1-1)*10+3,1,2),{6,2})/8-$C2)/3 -> -2.415408 | E2: =(SUMPRODUCT(OFFSET('BlocksFinal (Kyle and Naser)'!$A1,0,(E$1-1)*10,1,3),{2,6,8})/16-$B2)*2/3+(SUMPRODUCT(OFFSET('BlocksFinal (Kyle and Naser)'!$A1,0,(E$1-1)*10+3,1,2),{6,2})/8-$C2)/3 -> 8.5937003 | F2: =(SUMPRODUCT(OFFSET('BlocksFinal (Kyle and Naser)'!$A1,0,(F$1-1)*10,1,3),{2,6,8})/16-$B2)*2/3+(SUMPRODUCT(OFFSET('BlocksFinal (Kyle and Naser)'!$A1,0,(F$1-1)*10+3,1,2),{6,2})/8-$C2)/3 -> -13.242944 | G2: =(SUMPRODUCT(OFFSET('BlocksFinal (Kyle and Naser)'!$A1,0,(G$1-1)*10,1,3),{2,6,8})/16-$B2)*2/3+(SUMPRODUCT(OFFSET('BlocksFinal (Kyle and Naser)'!$A1,0,(G$1-1)*10+3,1,2),{6,2})/8-$C2)/3 -> 1.0233641 | H2: =(SUMPRODUCT(OFFSET('BlocksFinal (Kyle and Naser)'!$A1,0,(H$1-1)*10,1,3),{2,6,8})/16-$B2)*2/3+(SUMPRODUCT(OFFSET('BlocksFinal (Kyle and Naser)'!$A1,0,(H$1-1)*10+3,1,2),{6,2})/8-$C2)/3 -> -3.6281539 | I2: =(SUMPRODUCT(OFFSET('BlocksFinal (Kyle and Naser)'!$A1,0,(I$1-1)*10,1,3),{2,6,8})/16-$B2)*2/3+(SUMPRODUCT(OFFSET('BlocksFinal (Kyle and Naser)'!$A1,0,(I$1-1)*10+3,1,2),{6,2})/8-$C2)/3 -> -7.9669686 | J2: =(SUMPRODUCT(OFFSET('BlocksFinal (Kyle and Naser)'!$A1,0,(J$1-1)*10,1,3),{2,6,8})/16-$B2)*2/3+(SUMPRODUCT(OFFSET('BlocksFinal (Kyle and Naser)'!$A1,0,(J$1-1)*10+3,1,2),{6,2})/8-$C2)/3 -> -1.6506275 | K2: =(SUMPRODUCT(OFFSET('BlocksFinal (Kyle and Naser)'!$A1,0,(K$1-1)*10,1,3),{2,6,8})/16-$B2)*2/3+(SUMPRODUCT(OFFSET('BlocksFinal (Kyle and Naser)'!$A1,0,(K$1-1)*10+3,1,2),{6,2})/8-$C2)/3 -> -3.3513559 | ... AZ2: =(SUMPRODUCT(OFFSET('BlocksFinal (Kyle and Naser)'!$A1,0,(AZ$1-1)*10,1,3),{2,6,8})/16-$B2)*2/3+(SUMPRODUCT(OFFSET('BlocksFinal (Kyle and Naser)'!$A1,0,(AZ$1-1)*10+3,1,2),{6,2})/8-$C2)/3 -> 1.817182
A3: 44562 | B3: 65.25 | C3: 49.35 | D3: =(SUMPRODUCT(OFFSET('BlocksFinal (Kyle and Naser)'!$A2,0,(D$1-1)*10,1,3),{2,6,8})/16-$B3)*2/3+(SUMPRODUCT(OFFSET('BlocksFinal (Kyle and Naser)'!$A2,0,(D$1-1)*10+3,1,2),{6,2})/8-$C3)/3 -> -1.0119791 | E3: =(SUMPRODUCT(OFFSET('BlocksFinal (Kyle and Naser)'!$A2,0,(E$1-1)*10,1,3),{2,6,8})/16-$B3)*2/3+(SUMPRODUCT(OFFSET('BlocksFinal (Kyle and Naser)'!$A2,0,(E$1-1)*10+3,1,2),{6,2})/8-$C3)/3 -> -13.625533 | F3: =(SUMPRODUCT(OFFSET('BlocksFinal (Kyle and Naser)'!$A2,0,(F$1-1)*10,1,3),{2,6,8})/16-$B3)*2/3+(SUMPRODUCT(OFFSET('BlocksFinal (Kyle and Naser)'!$A2,0,(F$1-1)*10+3,1,2),{6,2})/8-$C3)/3 -> -2.7078483 | G3: =(SUMPRODUCT(OFFSET('BlocksFinal (Kyle and Naser)'!$A2,0,(G$1-1)*10,1,3),{2,6,8})/16-$B3)*2/3+(SUMPRODUCT(OFFSET('BlocksFinal (Kyle and Naser)'!$A2,0,(G$1-1)*10+3,1,2),{6,2})/8-$C3)/3 -> 9.0213278 | H3: =(SUMPRODUCT(OFFSET('BlocksFinal (Kyle and Naser)'!$A2,0,(H$1-1)*10,1,3),{2,6,8})/16-$B3)*2/3+(SUMPRODUCT(OFFSET('BlocksFinal (Kyle and Naser)'!$A2,0,(H$1-1)*10+3,1,2),{6,2})/8-$C3)/3 -> 27.247735 | I3: =(SUMPRODUCT(OFFSET('BlocksFinal (Kyle and Naser)'!$A2,0,(I$1-1)*10,1,3),{2,6,8})/16-$B3)*2/3+(SUMPRODUCT(OFFSET('BlocksFinal (Kyle and Naser)'!$A2,0,(I$1-1)*10+3,1,2),{6,2})/8-$C3)/3 -> 0.6469392 | J3: =(SUMPRODUCT(OFFSET('BlocksFinal (Kyle and Naser)'!$A2,0,(J$1-1)*10,1,3),{2,6,8})/16-$B3)*2/3+(SUMPRODUCT(OFFSET('BlocksFinal (Kyle and Naser)'!$A2,0,(J$1-1)*10+3,1,2),{6,2})/8-$C3)/3 -> -11.295956 | K3: =(SUMPRODUCT(OFFSET('BlocksFinal (Kyle and Naser)'!$A2,0,(K$1-1)*10,1,3),{2,6,8})/16-$B3)*2/3+(SUMPRODUCT(OFFSET('BlocksFinal (Kyle and Naser)'!$A2,0,(K$1-1)*10+3,1,2),{6,2})/8-$C3)/3 -> 2.0117221 | ... AZ3: =(SUMPRODUCT(OFFSET('BlocksFinal (Kyle and Naser)'!$A2,0,(AZ$1-1)*10,1,3),{2,6,8})/16-$B3)*2/3+(SUMPRODUCT(OFFSET('BlocksFinal (Kyle and Naser)'!$A2,0,(AZ$1-1)*10+3,1,2),{6,2})/8-$C3)/3 -> -0.85792018
A4: 44593 | B4: 55.75 | C4: 45.45 | D4: =(SUMPRODUCT(OFFSET('BlocksFinal (Kyle and Naser)'!$A3,0,(D$1-1)*10,1,3),{2,6,8})/16-$B4)*2/3+(SUMPRODUCT(OFFSET('BlocksFinal (Kyle and Naser)'!$A3,0,(D$1-1)*10+3,1,2),{6,2})/8-$C4)/3 -> -7.0200789 | E4: =(SUMPRODUCT(OFFSET('BlocksFinal (Kyle and Naser)'!$A3,0,(E$1-1)*10,1,3),{2,6,8})/16-$B4)*2/3+(SUMPRODUCT(OFFSET('BlocksFinal (Kyle and Naser)'!$A3,0,(E$1-1)*10+3,1,2),{6,2})/8-$C4)/3 -> 18.294676 | F4: =(SUMPRODUCT(OFFSET('BlocksFinal (Kyle and Naser)'!$A3,0,(F$1-1)*10,1,3),{2,6,8})/16-$B4)*2/3+(SUMPRODUCT(OFFSET('BlocksFinal (Kyle and Naser)'!$A3,0,(F$1-1)*10+3,1,2),{6,2})/8-$C4)/3 -> -1.2767523 | G4: =(SUMPRODUCT(OFFSET('BlocksFinal (Kyle and Naser)'!$A3,0,(G$1-1)*10,1,3),{2,6,8})/16-$B4)*2/3+(SUMPRODUCT(OFFSET('BlocksFinal (Kyle and Naser)'!$A3,0,(G$1-1)*10+3,1,2),{6,2})/8-$C4)/3 -> 35.780614 | H4: =(SUMPRODUCT(OFFSET('BlocksFinal (Kyle and Naser)'!$A3,0,(H$1-1)*10,1,3),{2,6,8})/16-$B4)*2/3+(SUMPRODUCT(OFFSET('BlocksFinal (Kyle and Naser)'!$A3,0,(H$1-1)*10+3,1,2),{6,2})/8-$C4)/3 -> -6.4036451 | I4: =(SUMPRODUCT(OFFSET('BlocksFinal (Kyle and Naser)'!$A3,0,(I$1-1)*10,1,3),{2,6,8})/16-$B4)*2/3+(SUMPRODUCT(OFFSET('BlocksFinal (Kyle and Naser)'!$A3,0,(I$1-1)*10+3,1,2),{6,2})/8-$C4)/3 -> 9.4559095 | J4: =(SUMPRODUCT(OFFSET('BlocksFinal (Kyle and Naser)'!$A3,0,(J$1-1)*10,1,3),{2,6,8})/16-$B4)*2/3+(SUMPRODUCT(OFFSET('BlocksFinal (Kyle and Naser)'!$A3,0,(J$1-1)*10+3,1,2),{6,2})/8-$C4)/3 -> 9.1732375 | K4: =(SUMPRODUCT(OFFSET('BlocksFinal (Kyle and Naser)'!$A3,0,(K$1-1)*10,1,3),{2,6,8})/16-$B4)*2/3+(SUMPRODUCT(OFFSET('BlocksFinal (Kyle and Naser)'!$A3,0,(K$1-1)*10+3,1,2),{6,2})/8-$C4)/3 -> -9.1167797 | ... AZ4: =(SUMPRODUCT(OFFSET('BlocksFinal (Kyle and Naser)'!$A3,0,(AZ$1-1)*10,1,3),{2,6,8})/16-$B4)*2/3+(SUMPRODUCT(OFFSET('BlocksFinal (Kyle and Naser)'!$A3,0,(AZ$1-1)*10+3,1,2),{6,2})/8-$C4)/3 -> 5.4798102
A5: 44621 | B5: 37.25 | C5: 31.35 | D5: =(SUMPRODUCT(OFFSET('BlocksFinal (Kyle and Naser)'!$A4,0,(D$1-1)*10,1,3),{2,6,8})/16-$B5)*2/3+(SUMPRODUCT(OFFSET('BlocksFinal (Kyle and Naser)'!$A4,0,(D$1-1)*10+3,1,2),{6,2})/8-$C5)/3 -> 12.354466 | E5: =(SUMPRODUCT(OFFSET('BlocksFinal (Kyle and Naser)'!$A4,0,(E$1-1)*10,1,3),{2,6,8})/16-$B5)*2/3+(SUMPRODUCT(OFFSET('BlocksFinal (Kyle and Naser)'!$A4,0,(E$1-1)*10+3,1,2),{6,2})/8-$C5)/3 -> 38.475536 | F5: =(SUMPRODUCT(OFFSET('BlocksFinal (Kyle and Naser)'!$A4,0,(F$1-1)*10,1,3),{2,6,8})/16-$B5)*2/3+(SUMPRODUCT(OFFSET('BlocksFinal (Kyle and Naser)'!$A4,0,(F$1-1)*10+3,1,2),{6,2})/8-$C5)/3 -> -1.9102582 | G5: =(SUMPRODUCT(OFFSET('BlocksFinal (Kyle and Naser)'!$A4,0,(G$1-1)*10,1,3),{2,6,8})/16-$B5)*2/3+(SUMPRODUCT(OFFSET('BlocksFinal (Kyle and Naser)'!$A4,0,(G$1-1)*10+3,1,2),{6,2})/8-$C5)/3 -> 30.012947 | H5: =(SUMPRODUCT(OFFSET('BlocksFinal (Kyle and Naser)'!$A4,0,(H$1-1)*10,1,3),{2,6,8})/16-$B5)*2/3+(SUMPRODUCT(OFFSET('BlocksFinal (Kyle and Naser)'!$A4,0,(H$1-1)*10+3,1,2),{6,2})/8-$C5)/3 -> 39.404413 | I5: =(SUMPRODUCT(OFFSET('BlocksFinal (Kyle and Naser)'!$A4,0,(I$1-1)*10,1,3),{2,6,8})/16-$B5)*2/3+(SUMPRODUCT(OFFSET('BlocksFinal (Kyle and Naser)'!$A4,0,(I$1-1)*10+3,1,2),{6,2})/8-$C5)/3 -> 40.750279 | J5: =(SUMPRODUCT(OFFSET('BlocksFinal (Kyle and Naser)'!$A4,0,(J$1-1)*10,1,3),{2,6,8})/16-$B5)*2/3+(SUMPRODUCT(OFFSET('BlocksFinal (Kyle and Naser)'!$A4,0,(J$1-1)*10+3,1,2),{6,2})/8-$C5)/3 -> 14.930727 | K5: =(SUMPRODUCT(OFFSET('BlocksFinal (Kyle and Naser)'!$A4,0,(K$1-1)*10,1,3),{2,6,8})/16-$B5)*2/3+(SUMPRODUCT(OFFSET('BlocksFinal (Kyle and Naser)'!$A4,0,(K$1-1)*10+3,1,2),{6,2})/8-$C5)/3 -> 26.314629 | ... AZ5: =(SUMPRODUCT(OFFSET('BlocksFinal (Kyle and Naser)'!$A4,0,(AZ$1-1)*10,1,3),{2,6,8})/16-$B5)*2/3+(SUMPRODUCT(OFFSET('BlocksFinal (Kyle and Naser)'!$A4,0,(AZ$1-1)*10+3,1,2),{6,2})/8-$C5)/3 -> 19.31037
A6: 44652 | B6: 34.85 | C6: 28.6 | D6: =(SUMPRODUCT(OFFSET('BlocksFinal (Kyle and Naser)'!$A5,0,(D$1-1)*10,1,3),{2,6,8})/16-$B6)*2/3+(SUMPRODUCT(OFFSET('BlocksFinal (Kyle and Naser)'!$A5,0,(D$1-1)*10+3,1,2),{6,2})/8-$C6)/3 -> 41.231306 | E6: =(SUMPRODUCT(OFFSET('BlocksFinal (Kyle and Naser)'!$A5,0,(E$1-1)*10,1,3),{2,6,8})/16-$B6)*2/3+(SUMPRODUCT(OFFSET('BlocksFinal (Kyle and Naser)'!$A5,0,(E$1-1)*10+3,1,2),{6,2})/8-$C6)/3 -> 29.189313 | F6: =(SUMPRODUCT(OFFSET('BlocksFinal (Kyle and Naser)'!$A5,0,(F$1-1)*10,1,3),{2,6,8})/16-$B6)*2/3+(SUMPRODUCT(OFFSET('BlocksFinal (Kyle and Naser)'!$A5,0,(F$1-1)*10+3,1,2),{6,2})/8-$C6)/3 -> 17.893302 | G6: =(SUMPRODUCT(OFFSET('BlocksFinal (Kyle and Naser)'!$A5,0,(G$1-1)*10,1,3),{2,6,8})/16-$B6)*2/3+(SUMPRODUCT(OFFSET('BlocksFinal (Kyle and Naser)'!$A5,0,(G$1-1)*10+3,1,2),{6,2})/8-$C6)/3 -> 18.486101 | H6: =(SUMPRODUCT(OFFSET('BlocksFinal (Kyle and Naser)'!$A5,0,(H$1-1)*10,1,3),{2,6,8})/16-$B6)*2/3+(SUMPRODUCT(OFFSET('BlocksFinal (Kyle and Naser)'!$A5,0,(H$1-1)*10+3,1,2),{6,2})/8-$C6)/3 -> 22.502001 | I6: =(SUMPRODUCT(OFFSET('BlocksFinal (Kyle and Naser)'!$A5,0,(I$1-1)*10,1,3),{2,6,8})/16-$B6)*2/3+(SUMPRODUCT(OFFSET('BlocksFinal (Kyle and Naser)'!$A5,0,(I$1-1)*10+3,1,2),{6,2})/8-$C6)/3 -> 28.050183 | J6: =(SUMPRODUCT(OFFSET('BlocksFinal (Kyle and Naser)'!$A5,0,(J$1-1)*10,1,3),{2,6,8})/16-$B6)*2/3+(SUMPRODUCT(OFFSET('BlocksFinal (Kyle and Naser)'!$A5,0,(J$1-1)*10+3,1,2),{6,2})/8-$C6)/3 -> 32.144813 | K6: =(SUMPRODUCT(OFFSET('BlocksFinal (Kyle and Naser)'!$A5,0,(K$1-1)*10,1,3),{2,6,8})/16-$B6)*2/3+(SUMPRODUCT(OFFSET('BlocksFinal (Kyle and Naser)'!$A5,0,(K$1-1)*10+3,1,2),{6,2})/8-$C6)/3 -> 35.757987 | ... AZ6: =(SUMPRODUCT(OFFSET('BlocksFinal (Kyle and Naser)'!$A5,0,(AZ$1-1)*10,1,3),{2,6,8})/16-$B6)*2/3+(SUMPRODUCT(OFFSET('BlocksFinal (Kyle and Naser)'!$A5,0,(AZ$1-1)*10+3,1,2),{6,2})/8-$C6)/3 -> 22.791619
A7: 44682 | B7: 26.15 | C7: 13.35 | D7: =(SUMPRODUCT(OFFSET('BlocksFinal (Kyle and Naser)'!$A6,0,(D$1-1)*10,1,3),{2,6,8})/16-$B7)*2/3+(SUMPRODUCT(OFFSET('BlocksFinal (Kyle and Naser)'!$A6,0,(D$1-1)*10+3,1,2),{6,2})/8-$C7)/3 -> 15.956446 | E7: =(SUMPRODUCT(OFFSET('BlocksFinal (Kyle and Naser)'!$A6,0,(E$1-1)*10,1,3),{2,6,8})/16-$B7)*2/3+(SUMPRODUCT(OFFSET('BlocksFinal (Kyle and Naser)'!$A6,0,(E$1-1)*10+3,1,2),{6,2})/8-$C7)/3 -> 50.484522 | F7: =(SUMPRODUCT(OFFSET('BlocksFinal (Kyle and Naser)'!$A6,0,(F$1-1)*10,1,3),{2,6,8})/16-$B7)*2/3+(SUMPRODUCT(OFFSET('BlocksFinal (Kyle and Naser)'!$A6,0,(F$1-1)*10+3,1,2),{6,2})/8-$C7)/3 -> 20.27016 | G7: =(SUMPRODUCT(OFFSET('BlocksFinal (Kyle and Naser)'!$A6,0,(G$1-1)*10,1,3),{2,6,8})/16-$B7)*2/3+(SUMPRODUCT(OFFSET('BlocksFinal (Kyle and Naser)'!$A6,0,(G$1-1)*10+3,1,2),{6,2})/8-$C7)/3 -> 58.147597 | H7: =(SUMPRODUCT(OFFSET('BlocksFinal (Kyle and Naser)'!$A6,0,(H$1-1)*10,1,3),{2,6,8})/16-$B7)*2/3+(SUMPRODUCT(OFFSET('BlocksFinal (Kyle and Naser)'!$A6,0,(H$1-1)*10+3,1,2),{6,2})/8-$C7)/3 -> 35.337521 | I7: =(SUMPRODUCT(OFFSET('BlocksFinal (Kyle and Naser)'!$A6,0,(I$1-1)*10,1,3),{2,6,8})/16-$B7)*2/3+(SUMPRODUCT(OFFSET('BlocksFinal (Kyle and Naser)'!$A6,0,(I$1-1)*10+3,1,2),{6,2})/8-$C7)/3 -> 39.109134 | J7: =(SUMPRODUCT(OFFSET('BlocksFinal (Kyle and Naser)'!$A6,0,(J$1-1)*10,1,3),{2,6,8})/16-$B7)*2/3+(SUMPRODUCT(OFFSET('BlocksFinal (Kyle and Naser)'!$A6,0,(J$1-1)*10+3,1,2),{6,2})/8-$C7)/3 -> 33.914534 | K7: =(SUMPRODUCT(OFFSET('BlocksFinal (Kyle and Naser)'!$A6,0,(K$1-1)*10,1,3),{2,6,8})/16-$B7)*2/3+(SUMPRODUCT(OFFSET('BlocksFinal (Kyle and Naser)'!$A6,0,(K$1-1)*10+3,1,2),{6,2})/8-$C7)/3 -> 35.692923 | ... AZ7: =(SUMPRODUCT(OFFSET('BlocksFinal (Kyle and Naser)'!$A6,0,(AZ$1-1)*10,1,3),{2,6,8})/16-$B7)*2/3+(SUMPRODUCT(OFFSET('BlocksFinal (Kyle and Naser)'!$A6,0,(AZ$1-1)*10+3,1,2),{6,2})/8-$C7)/3 -> 36.592647
A8: 44713 | B8: 35.5 | C8: 14.5 | D8: =(SUMPRODUCT(OFFSET('BlocksFinal (Kyle and Naser)'!$A7,0,(D$1-1)*10,1,3),{2,6,8})/16-$B8)*2/3+(SUMPRODUCT(OFFSET('BlocksFinal (Kyle and Naser)'!$A7,0,(D$1-1)*10+3,1,2),{6,2})/8-$C8)/3 -> 32.266401 | E8: =(SUMPRODUCT(OFFSET('BlocksFinal (Kyle and Naser)'!$A7,0,(E$1-1)*10,1,3),{2,6,8})/16-$B8)*2/3+(SUMPRODUCT(OFFSET('BlocksFinal (Kyle and Naser)'!$A7,0,(E$1-1)*10+3,1,2),{6,2})/8-$C8)/3 -> 23.668769 | F8: =(SUMPRODUCT(OFFSET('BlocksFinal (Kyle and Naser)'!$A7,0,(F$1-1)*10,1,3),{2,6,8})/16-$B8)*2/3+(SUMPRODUCT(OFFSET('BlocksFinal (Kyle and Naser)'!$A7,0,(F$1-1)*10+3,1,2),{6,2})/8-$C8)/3 -> 39.191818 | G8: =(SUMPRODUCT(OFFSET('BlocksFinal (Kyle and Naser)'!$A7,0,(G$1-1)*10,1,3),{2,6,8})/16-$B8)*2/3+(SUMPRODUCT(OFFSET('BlocksFinal (Kyle and Naser)'!$A7,0,(G$1-1)*10+3,1,2),{6,2})/8-$C8)/3 -> 65.201447 | H8: =(SUMPRODUCT(OFFSET('BlocksFinal (Kyle and Naser)'!$A7,0,(H$1-1)*10,1,3),{2,6,8})/16-$B8)*2/3+(SUMPRODUCT(OFFSET('BlocksFinal (Kyle and Naser)'!$A7,0,(H$1-1)*10+3,1,2),{6,2})/8-$C8)/3 -> 60.078796 | I8: =(SUMPRODUCT(OFFSET('BlocksFinal (Kyle and Naser)'!$A7,0,(I$1-1)*10,1,3),{2,6,8})/16-$B8)*2/3+(SUMPRODUCT(OFFSET('BlocksFinal (Kyle and Naser)'!$A7,0,(I$1-1)*10+3,1,2),{6,2})/8-$C8)/3 -> 42.066008 | J8: =(SUMPRODUCT(OFFSET('BlocksFinal (Kyle and Naser)'!$A7,0,(J$1-1)*10,1,3),{2,6,8})/16-$B8)*2/3+(SUMPRODUCT(OFFSET('BlocksFinal (Kyle and Naser)'!$A7,0,(J$1-1)*10+3,1,2),{6,2})/8-$C8)/3 -> 27.375684 | K8: =(SUMPRODUCT(OFFSET('BlocksFinal (Kyle and Naser)'!$A7,0,(K$1-1)*10,1,3),{2,6,8})/16-$B8)*2/3+(SUMPRODUCT(OFFSET('BlocksFinal (Kyle and Naser)'!$A7,0,(K$1-1)*10+3,1,2),{6,2})/8-$C8)/3 -> 47.939943 | ... AZ8: =(SUMPRODUCT(OFFSET('BlocksFinal (Kyle and Naser)'!$A7,0,(AZ$1-1)*10,1,3),{2,6,8})/16-$B8)*2/3+(SUMPRODUCT(OFFSET('BlocksFinal (Kyle and Naser)'!$A7,0,(AZ$1-1)*10+3,1,2),{6,2})/8-$C8)/3 -> 27.277735
A9: 44743 | B9: 80.65 | C9: 32.55 | D9: =(SUMPRODUCT(OFFSET('BlocksFinal (Kyle and Naser)'!$A8,0,(D$1-1)*10,1,3),{2,6,8})/16-$B9)*2/3+(SUMPRODUCT(OFFSET('BlocksFinal (Kyle and Naser)'!$A8,0,(D$1-1)*10+3,1,2),{6,2})/8-$C9)/3 -> 0.34143833 | E9: =(SUMPRODUCT(OFFSET('BlocksFinal (Kyle and Naser)'!$A8,0,(E$1-1)*10,1,3),{2,6,8})/16-$B9)*2/3+(SUMPRODUCT(OFFSET('BlocksFinal (Kyle and Naser)'!$A8,0,(E$1-1)*10+3,1,2),{6,2})/8-$C9)/3 -> 1.0496924 | F9: =(SUMPRODUCT(OFFSET('BlocksFinal (Kyle and Naser)'!$A8,0,(F$1-1)*10,1,3),{2,6,8})/16-$B9)*2/3+(SUMPRODUCT(OFFSET('BlocksFinal (Kyle and Naser)'!$A8,0,(F$1-1)*10+3,1,2),{6,2})/8-$C9)/3 -> 14.140042 | G9: =(SUMPRODUCT(OFFSET('BlocksFinal (Kyle and Naser)'!$A8,0,(G$1-1)*10,1,3),{2,6,8})/16-$B9)*2/3+(SUMPRODUCT(OFFSET('BlocksFinal (Kyle and Naser)'!$A8,0,(G$1-1)*10+3,1,2),{6,2})/8-$C9)/3 -> 28.676677 | H9: =(SUMPRODUCT(OFFSET('BlocksFinal (Kyle and Naser)'!$A8,0,(H$1-1)*10,1,3),{2,6,8})/16-$B9)*2/3+(SUMPRODUCT(OFFSET('BlocksFinal (Kyle and Naser)'!$A8,0,(H$1-1)*10+3,1,2),{6,2})/8-$C9)/3 -> -13.44612 | I9: =(SUMPRODUCT(OFFSET('BlocksFinal (Kyle and Naser)'!$A8,0,(I$1-1)*10,1,3),{2,6,8})/16-$B9)*2/3+(SUMPRODUCT(OFFSET('BlocksFinal (Kyle and Naser)'!$A8,0,(I$1-1)*10+3,1,2),{6,2})/8-$C9)/3 -> -16.734584 | J9: =(SUMPRODUCT(OFFSET('BlocksFinal (Kyle and Naser)'!$A8,0,(J$1-1)*10,1,3),{2,6,8})/16-$B9)*2/3+(SUMPRODUCT(OFFSET('BlocksFinal (Kyle and Naser)'!$A8,0,(J$1-1)*10+3,1,2),{6,2})/8-$C9)/3 -> 0.80656199 | K9: =(SUMPRODUCT(OFFSET('BlocksFinal (Kyle and Naser)'!$A8,0,(K$1-1)*10,1,3),{2,6,8})/16-$B9)*2/3+(SUMPRODUCT(OFFSET('BlocksFinal (Kyle and Naser)'!$A8,0,(K$1-1)*10+3,1,2),{6,2})/8-$C9)/3 -> -24.106329 | ... AZ9: =(SUMPRODUCT(OFFSET('BlocksFinal (Kyle and Naser)'!$A8,0,(AZ$1-1)*10,1,3),{2,6,8})/16-$B9)*2/3+(SUMPRODUCT(OFFSET('BlocksFinal (Kyle and Naser)'!$A8,0,(AZ$1-1)*10+3,1,2),{6,2})/8-$C9)/3 -> 8.5099963
A10: 44774 | B10: 131.4 | C10: 57.85 | D10: =(SUMPRODUCT(OFFSET('BlocksFinal (Kyle and Naser)'!$A9,0,(D$1-1)*10,1,3),{2,6,8})/16-$B10)*2/3+(SUMPRODUCT(OFFSET('BlocksFinal (Kyle and Naser)'!$A9,0,(D$1-1)*10+3,1,2),{6,2})/8-$C10)/3 -> -62.975213 | E10: =(SUMPRODUCT(OFFSET('BlocksFinal (Kyle and Naser)'!$A9,0,(E$1-1)*10,1,3),{2,6,8})/16-$B10)*2/3+(SUMPRODUCT(OFFSET('BlocksFinal (Kyle and Naser)'!$A9,0,(E$1-1)*10+3,1,2),{6,2})/8-$C10)/3 -> -34.409868 | F10: =(SUMPRODUCT(OFFSET('BlocksFinal (Kyle and Naser)'!$A9,0,(F$1-1)*10,1,3),{2,6,8})/16-$B10)*2/3+(SUMPRODUCT(OFFSET('BlocksFinal (Kyle and Naser)'!$A9,0,(F$1-1)*10+3,1,2),{6,2})/8-$C10)/3 -> -61.471625 | G10: =(SUMPRODUCT(OFFSET('BlocksFinal (Kyle and Naser)'!$A9,0,(G$1-1)*10,1,3),{2,6,8})/16-$B10)*2/3+(SUMPRODUCT(OFFSET('BlocksFinal (Kyle and Naser)'!$A9,0,(G$1-1)*10+3,1,2),{6,2})/8-$C10)/3 -> -39.438131 | H10: =(SUMPRODUCT(OFFSET('BlocksFinal (Kyle and Naser)'!$A9,0,(H$1-1)*10,1,3),{2,6,8})/16-$B10)*2/3+(SUMPRODUCT(OFFSET('BlocksFinal (Kyle and Naser)'!$A9,0,(H$1-1)*10+3,1,2),{6,2})/8-$C10)/3 -> -53.751205 | I10: =(SUMPRODUCT(OFFSET('BlocksFinal (Kyle and Naser)'!$A9,0,(I$1-1)*10,1,3),{2,6,8})/16-$B10)*2/3+(SUMPRODUCT(OFFSET('BlocksFinal (Kyle and Naser)'!$A9,0,(I$1-1)*10+3,1,2),{6,2})/8-$C10)/3 -> -49.010476 | J10: =(SUMPRODUCT(OFFSET('BlocksFinal (Kyle and Naser)'!$A9,0,(J$1-1)*10,1,3),{2,6,8})/16-$B10)*2/3+(SUMPRODUCT(OFFSET('BlocksFinal (Kyle and Naser)'!$A9,0,(J$1-1)*10+3,1,2),{6,2})/8-$C10)/3 -> -52.722827 | K10: =(SUMPRODUCT(OFFSET('BlocksFinal (Kyle and Naser)'!$A9,0,(K$1-1)*10,1,3),{2,6,8})/16-$B10)*2/3+(SUMPRODUCT(OFFSET('BlocksFinal (Kyle and Naser)'!$A9,0,(K$1-1)*10+3,1,2),{6,2})/8-$C10)/3 -> -47.412861 | ... AZ10: =(SUMPRODUCT(OFFSET('BlocksFinal (Kyle and Naser)'!$A9,0,(AZ$1-1)*10,1,3),{2,6,8})/16-$B10)*2/3+(SUMPRODUCT(OFFSET('BlocksFinal (Kyle and Naser)'!$A9,0,(AZ$1-1)*10+3,1,2),{6,2})/8-$C10)/3 -> -61.941629
A11: 44805 | B11: 100.5 | C11: 50.75 | D11: =(SUMPRODUCT(OFFSET('BlocksFinal (Kyle and Naser)'!$A10,0,(D$1-1)*10,1,3),{2,6,8})/16-$B11)*2/3+(SUMPRODUCT(OFFSET('BlocksFinal (Kyle and Naser)'!$A10,0,(D$1-1)*10+3,1,2),{6,2})/8-$C11)/3 -> -4.8156685 | E11: =(SUMPRODUCT(OFFSET('BlocksFinal (Kyle and Naser)'!$A10,0,(E$1-1)*10,1,3),{2,6,8})/16-$B11)*2/3+(SUMPRODUCT(OFFSET('BlocksFinal (Kyle and Naser)'!$A10,0,(E$1-1)*10+3,1,2),{6,2})/8-$C11)/3 -> -15.83899 | F11: =(SUMPRODUCT(OFFSET('BlocksFinal (Kyle and Naser)'!$A10,0,(F$1-1)*10,1,3),{2,6,8})/16-$B11)*2/3+(SUMPRODUCT(OFFSET('BlocksFinal (Kyle and Naser)'!$A10,0,(F$1-1)*10+3,1,2),{6,2})/8-$C11)/3 -> -23.954476 | G11: =(SUMPRODUCT(OFFSET('BlocksFinal (Kyle and Naser)'!$A10,0,(G$1-1)*10,1,3),{2,6,8})/16-$B11)*2/3+(SUMPRODUCT(OFFSET('BlocksFinal (Kyle and Naser)'!$A10,0,(G$1-1)*10+3,1,2),{6,2})/8-$C11)/3 -> -27.887312 | H11: =(SUMPRODUCT(OFFSET('BlocksFinal (Kyle and Naser)'!$A10,0,(H$1-1)*10,1,3),{2,6,8})/16-$B11)*2/3+(SUMPRODUCT(OFFSET('BlocksFinal (Kyle and Naser)'!$A10,0,(H$1-1)*10+3,1,2),{6,2})/8-$C11)/3 -> -21.06711 | I11: =(SUMPRODUCT(OFFSET('BlocksFinal (Kyle and Naser)'!$A10,0,(I$1-1)*10,1,3),{2,6,8})/16-$B11)*2/3+(SUMPRODUCT(OFFSET('BlocksFinal (Kyle and Naser)'!$A10,0,(I$1-1)*10+3,1,2),{6,2})/8-$C11)/3 -> -33.302041 | J11: =(SUMPRODUCT(OFFSET('BlocksFinal (Kyle and Naser)'!$A10,0,(J$1-1)*10,1,3),{2,6,8})/16-$B11)*2/3+(SUMPRODUCT(OFFSET('BlocksFinal (Kyle and Naser)'!$A10,0,(J$1-1)*10+3,1,2),{6,2})/8-$C11)/3 -> -21.431958 | K11: =(SUMPRODUCT(OFFSET('BlocksFinal (Kyle and Naser)'!$A10,0,(K$1-1)*10,1,3),{2,6,8})/16-$B11)*2/3+(SUMPRODUCT(OFFSET('BlocksFinal (Kyle and Naser)'!$A10,0,(K$1-1)*10+3,1,2),{6,2})/8-$C11)/3 -> -15.993739 | ... AZ11: =(SUMPRODUCT(OFFSET('BlocksFinal (Kyle and Naser)'!$A10,0,(AZ$1-1)*10,1,3),{2,6,8})/16-$B11)*2/3+(SUMPRODUCT(OFFSET('BlocksFinal (Kyle and Naser)'!$A10,0,(AZ$1-1)*10+3,1,2),{6,2})/8-$C11)/3 -> -29.252608
A12: 44835 | B12: 57.9 | C12: 52.75 | D12: =(SUMPRODUCT(OFFSET('BlocksFinal (Kyle and Naser)'!$A11,0,(D$1-1)*10,1,3),{2,6,8})/16-$B12)*2/3+(SUMPRODUCT(OFFSET('BlocksFinal (Kyle and Naser)'!$A11,0,(D$1-1)*10+3,1,2),{6,2})/8-$C12)/3 -> -22.363924 | E12: =(SUMPRODUCT(OFFSET('BlocksFinal (Kyle and Naser)'!$A11,0,(E$1-1)*10,1,3),{2,6,8})/16-$B12)*2/3+(SUMPRODUCT(OFFSET('BlocksFinal (Kyle and Naser)'!$A11,0,(E$1-1)*10+3,1,2),{6,2})/8-$C12)/3 -> 3.9945139 | F12: =(SUMPRODUCT(OFFSET('BlocksFinal (Kyle and Naser)'!$A11,0,(F$1-1)*10,1,3),{2,6,8})/16-$B12)*2/3+(SUMPRODUCT(OFFSET('BlocksFinal (Kyle and Naser)'!$A11,0,(F$1-1)*10+3,1,2),{6,2})/8-$C12)/3 -> -7.0312307 | G12: =(SUMPRODUCT(OFFSET('BlocksFinal (Kyle and Naser)'!$A11,0,(G$1-1)*10,1,3),{2,6,8})/16-$B12)*2/3+(SUMPRODUCT(OFFSET('BlocksFinal (Kyle and Naser)'!$A11,0,(G$1-1)*10+3,1,2),{6,2})/8-$C12)/3 -> 9.3964183 | H12: =(SUMPRODUCT(OFFSET('BlocksFinal (Kyle and Naser)'!$A11,0,(H$1-1)*10,1,3),{2,6,8})/16-$B12)*2/3+(SUMPRODUCT(OFFSET('BlocksFinal (Kyle and Naser)'!$A11,0,(H$1-1)*10+3,1,2),{6,2})/8-$C12)/3 -> -3.6376098 | I12: =(SUMPRODUCT(OFFSET('BlocksFinal (Kyle and Naser)'!$A11,0,(I$1-1)*10,1,3),{2,6,8})/16-$B12)*2/3+(SUMPRODUCT(OFFSET('BlocksFinal (Kyle and Naser)'!$A11,0,(I$1-1)*10+3,1,2),{6,2})/8-$C12)/3 -> -1.4553214 | J12: =(SUMPRODUCT(OFFSET('BlocksFinal (Kyle and Naser)'!$A11,0,(J$1-1)*10,1,3),{2,6,8})/16-$B12)*2/3+(SUMPRODUCT(OFFSET('BlocksFinal (Kyle and Naser)'!$A11,0,(J$1-1)*10+3,1,2),{6,2})/8-$C12)/3 -> -10.618538 | K12: =(SUMPRODUCT(OFFSET('BlocksFinal (Kyle and Naser)'!$A11,0,(K$1-1)*10,1,3),{2,6,8})/16-$B12)*2/3+(SUMPRODUCT(OFFSET('BlocksFinal (Kyle and Naser)'!$A11,0,(K$1-1)*10+3,1,2),{6,2})/8-$C12)/3 -> -9.5999244 | ... AZ12: =(SUMPRODUCT(OFFSET('BlocksFinal (Kyle and Naser)'!$A11,0,(AZ$1-1)*10,1,3),{2,6,8})/16-$B12)*2/3+(SUMPRODUCT(OFFSET('BlocksFinal (Kyle and Naser)'!$A11,0,(AZ$1-1)*10+3,1,2),{6,2})/8-$C12)/3 -> 3.9970145
A13: 44866 | B13: 54.65 | C13: 48.65 | D13: =(SUMPRODUCT(OFFSET('BlocksFinal (Kyle and Naser)'!$A12,0,(D$1-1)*10,1,3),{2,6,8})/16-$B13)*2/3+(SUMPRODUCT(OFFSET('BlocksFinal (Kyle and Naser)'!$A12,0,(D$1-1)*10+3,1,2),{6,2})/8-$C13)/3 -> 21.92002 | E13: =(SUMPRODUCT(OFFSET('BlocksFinal (Kyle and Naser)'!$A12,0,(E$1-1)*10,1,3),{2,6,8})/16-$B13)*2/3+(SUMPRODUCT(OFFSET('BlocksFinal (Kyle and Naser)'!$A12,0,(E$1-1)*10+3,1,2),{6,2})/8-$C13)/3 -> -18.061285 | F13: =(SUMPRODUCT(OFFSET('BlocksFinal (Kyle and Naser)'!$A12,0,(F$1-1)*10,1,3),{2,6,8})/16-$B13)*2/3+(SUMPRODUCT(OFFSET('BlocksFinal (Kyle and Naser)'!$A12,0,(F$1-1)*10+3,1,2),{6,2})/8-$C13)/3 -> 28.693449 | G13: =(SUMPRODUCT(OFFSET('BlocksFinal (Kyle and Naser)'!$A12,0,(G$1-1)*10,1,3),{2,6,8})/16-$B13)*2/3+(SUMPRODUCT(OFFSET('BlocksFinal (Kyle and Naser)'!$A12,0,(G$1-1)*10+3,1,2),{6,2})/8-$C13)/3 -> 15.600086 | H13: =(SUMPRODUCT(OFFSET('BlocksFinal (Kyle and Naser)'!$A12,0,(H$1-1)*10,1,3),{2,6,8})/16-$B13)*2/3+(SUMPRODUCT(OFFSET('BlocksFinal (Kyle and Naser)'!$A12,0,(H$1-1)*10+3,1,2),{6,2})/8-$C13)/3 -> 25.01128 | I13: =(SUMPRODUCT(OFFSET('BlocksFinal (Kyle and Naser)'!$A12,0,(I$1-1)*10,1,3),{2,6,8})/16-$B13)*2/3+(SUMPRODUCT(OFFSET('BlocksFinal (Kyle and Naser)'!$A12,0,(I$1-1)*10+3,1,2),{6,2})/8-$C13)/3 -> -0.48174545 | J13: =(SUMPRODUCT(OFFSET('BlocksFinal (Kyle and Naser)'!$A12,0,(J$1-1)*10,1,3),{2,6,8})/16-$B13)*2/3+(SUMPRODUCT(OFFSET('BlocksFinal (Kyle and Naser)'!$A12,0,(J$1-1)*10+3,1,2),{6,2})/8-$C13)/3 -> 13.876844 | K13: =(SUMPRODUCT(OFFSET('BlocksFinal (Kyle and Naser)'!$A12,0,(K$1-1)*10,1,3),{2,6,8})/16-$B13)*2/3+(SUMPRODUCT(OFFSET('BlocksFinal (Kyle and Naser)'!$A12,0,(K$1-1)*10+3,1,2),{6,2})/8-$C13)/3 -> -4.3950376 | ... AZ13: =(SUMPRODUCT(OFFSET('BlocksFinal (Kyle and Naser)'!$A12,0,(AZ$1-1)*10,1,3),{2,6,8})/16-$B13)*2/3+(SUMPRODUCT(OFFSET('BlocksFinal (Kyle and Naser)'!$A12,0,(AZ$1-1)*10+3,1,2),{6,2})/8-$C13)/3 -> -16.098215
... A61: 46327 | B61: 50.35 | C61: 47.05 | D61: =(SUMPRODUCT(OFFSET('BlocksFinal (Kyle and Naser)'!$A60,0,(D$1-1)*10,1,3),{2,6,8})/16-$B61)*2/3+(SUMPRODUCT(OFFSET('BlocksFinal (Kyle and Naser)'!$A60,0,(D$1-1)*10+3,1,2),{6,2})/8-$C61)/3 -> -4.1943938 | E61: =(SUMPRODUCT(OFFSET('BlocksFinal (Kyle and Naser)'!$A60,0,(E$1-1)*10,1,3),{2,6,8})/16-$B61)*2/3+(SUMPRODUCT(OFFSET('BlocksFinal (Kyle and Naser)'!$A60,0,(E$1-1)*10+3,1,2),{6,2})/8-$C61)/3 -> -16.257974 | F61: =(SUMPRODUCT(OFFSET('BlocksFinal (Kyle and Naser)'!$A60,0,(F$1-1)*10,1,3),{2,6,8})/16-$B61)*2/3+(SUMPRODUCT(OFFSET('BlocksFinal (Kyle and Naser)'!$A60,0,(F$1-1)*10+3,1,2),{6,2})/8-$C61)/3 -> -6.288748 | G61: =(SUMPRODUCT(OFFSET('BlocksFinal (Kyle and Naser)'!$A60,0,(G$1-1)*10,1,3),{2,6,8})/16-$B61)*2/3+(SUMPRODUCT(OFFSET('BlocksFinal (Kyle and Naser)'!$A60,0,(G$1-1)*10+3,1,2),{6,2})/8-$C61)/3 -> -5.252931 | H61: =(SUMPRODUCT(OFFSET('BlocksFinal (Kyle and Naser)'!$A60,0,(H$1-1)*10,1,3),{2,6,8})/16-$B61)*2/3+(SUMPRODUCT(OFFSET('BlocksFinal (Kyle and Naser)'!$A60,0,(H$1-1)*10+3,1,2),{6,2})/8-$C61)/3 -> -2.8137625 | I61: =(SUMPRODUCT(OFFSET('BlocksFinal (Kyle and Naser)'!$A60,0,(I$1-1)*10,1,3),{2,6,8})/16-$B61)*2/3+(SUMPRODUCT(OFFSET('BlocksFinal (Kyle and Naser)'!$A60,0,(I$1-1)*10+3,1,2),{6,2})/8-$C61)/3 -> -22.141038 | J61: =(SUMPRODUCT(OFFSET('BlocksFinal (Kyle and Naser)'!$A60,0,(J$1-1)*10,1,3),{2,6,8})/16-$B61)*2/3+(SUMPRODUCT(OFFSET('BlocksFinal (Kyle and Naser)'!$A60,0,(J$1-1)*10+3,1,2),{6,2})/8-$C61)/3 -> -14.663588 | K61: =(SUMPRODUCT(OFFSET('BlocksFinal (Kyle and Naser)'!$A60,0,(K$1-1)*10,1,3),{2,6,8})/16-$B61)*2/3+(SUMPRODUCT(OFFSET('BlocksFinal (Kyle and Naser)'!$A60,0,(K$1-1)*10+3,1,2),{6,2})/8-$C61)/3 -> 7.3925167 | ... AZ61: =(SUMPRODUCT(OFFSET('BlocksFinal (Kyle and Naser)'!$A60,0,(AZ$1-1)*10,1,3),{2,6,8})/16-$B61)*2/3+(SUMPRODUCT(OFFSET('BlocksFinal (Kyle and Naser)'!$A60,0,(AZ$1-1)*10+3,1,2),{6,2})/8-$C61)/3 -> 3.2449413

Sheet Energy diff
A1: Date | B1: num of days | C1: 1 | D1: 2 | E1: 3 | F1: 4 | G1: 5 | H1: 6 | I1: 7 | J1: 8 | K1: 9 | L1: 10 | M1: 11 | N1: 12 | O1: 13 | P1: 14 | Q1: 15 | R1: 16 | S1: 17 | T1: 18 | U1: 19 | V1: 20 | W1: 21 | X1: 22 | Y1: 23 | Z1: 24 | AA1: 25 | AB1: 26 | AC1: 27 | AD1: 28 | AE1: 29 | AF1: 30 | AG1: 31 | AH1: 32 | AI1: 33 | AJ1: 34 | AK1: 35 | AL1: 36 | AM1: 37 | AN1: 38 | AO1: 39 | AP1: 40 | AQ1: 41 | AR1: 42 | AS1: 43 | AT1: 44 | AU1: 45 | AV1: 46 | AW1: 47 | AX1: 48 | AY1: 49
A2: 44531 | B2: =A3-A2 -> 31 | C2: =(SUMPRODUCT(OFFSET('BlocksFinal (Kyle and Naser)'!$A1,0,(C$1-1)*10+5,1,5),{2,6,8,6,2}))*$B2/1000-'Sys Redisual Energy H16'!D1-'Sys Redisual Energy L08'!D1 -> -537.82471 | D2: =(SUMPRODUCT(OFFSET('BlocksFinal (Kyle and Naser)'!$A1,0,(D$1-1)*10+5,1,5),{2,6,8,6,2}))*$B2/1000-'Sys Redisual Energy H16'!E1-'Sys Redisual Energy L08'!E1 -> 88.412996 | E2: =(SUMPRODUCT(OFFSET('BlocksFinal (Kyle and Naser)'!$A1,0,(E$1-1)*10+5,1,5),{2,6,8,6,2}))*$B2/1000-'Sys Redisual Energy H16'!F1-'Sys Redisual Energy L08'!F1 -> -426.06018 | F2: =(SUMPRODUCT(OFFSET('BlocksFinal (Kyle and Naser)'!$A1,0,(F$1-1)*10+5,1,5),{2,6,8,6,2}))*$B2/1000-'Sys Redisual Energy H16'!G1-'Sys Redisual Energy L08'!G1 -> 145.72497 | G2: =(SUMPRODUCT(OFFSET('BlocksFinal (Kyle and Naser)'!$A1,0,(G$1-1)*10+5,1,5),{2,6,8,6,2}))*$B2/1000-'Sys Redisual Energy H16'!H1-'Sys Redisual Energy L08'!H1 -> 631.94886 | H2: =(SUMPRODUCT(OFFSET('BlocksFinal (Kyle and Naser)'!$A1,0,(H$1-1)*10+5,1,5),{2,6,8,6,2}))*$B2/1000-'Sys Redisual Energy H16'!I1-'Sys Redisual Energy L08'!I1 -> 459.08378 | I2: =(SUMPRODUCT(OFFSET('BlocksFinal (Kyle and Naser)'!$A1,0,(I$1-1)*10+5,1,5),{2,6,8,6,2}))*$B2/1000-'Sys Redisual Energy H16'!J1-'Sys Redisual Energy L08'!J1 -> -374.47353 | J2: =(SUMPRODUCT(OFFSET('BlocksFinal (Kyle and Naser)'!$A1,0,(J$1-1)*10+5,1,5),{2,6,8,6,2}))*$B2/1000-'Sys Redisual Energy H16'!K1-'Sys Redisual Energy L08'!K1 -> -91.805552 | ... AY2: =(SUMPRODUCT(OFFSET('BlocksFinal (Kyle and Naser)'!$A1,0,(AY$1-1)*10+5,1,5),{2,6,8,6,2}))*$B2/1000-'Sys Redisual Energy H16'!AZ1-'Sys Redisual Energy L08'!AZ1 -> 408.08695
A3: 44562 | B3: =A4-A3 -> 31 | C3: =(SUMPRODUCT(OFFSET('BlocksFinal (Kyle and Naser)'!$A2,0,(C$1-1)*10+5,1,5),{2,6,8,6,2}))*$B3/1000-'Sys Redisual Energy H16'!D2-'Sys Redisual Energy L08'!D2 -> -126.48931 | D3: =(SUMPRODUCT(OFFSET('BlocksFinal (Kyle and Naser)'!$A2,0,(D$1-1)*10+5,1,5),{2,6,8,6,2}))*$B3/1000-'Sys Redisual Energy H16'!E2-'Sys Redisual Energy L08'!E2 -> 6.7919478 | E3: =(SUMPRODUCT(OFFSET('BlocksFinal (Kyle and Naser)'!$A2,0,(E$1-1)*10+5,1,5),{2,6,8,6,2}))*$B3/1000-'Sys Redisual Energy H16'!F2-'Sys Redisual Energy L08'!F2 -> -275.59083 | F3: =(SUMPRODUCT(OFFSET('BlocksFinal (Kyle and Naser)'!$A2,0,(F$1-1)*10+5,1,5),{2,6,8,6,2}))*$B3/1000-'Sys Redisual Energy H16'!G2-'Sys Redisual Energy L08'!G2 -> 606.08988 | G3: =(SUMPRODUCT(OFFSET('BlocksFinal (Kyle and Naser)'!$A2,0,(G$1-1)*10+5,1,5),{2,6,8,6,2}))*$B3/1000-'Sys Redisual Energy H16'!H2-'Sys Redisual Energy L08'!H2 -> 432.31358 | H3: =(SUMPRODUCT(OFFSET('BlocksFinal (Kyle and Naser)'!$A2,0,(H$1-1)*10+5,1,5),{2,6,8,6,2}))*$B3/1000-'Sys Redisual Energy H16'!I2-'Sys Redisual Energy L08'!I2 -> -593.96674 | I3: =(SUMPRODUCT(OFFSET('BlocksFinal (Kyle and Naser)'!$A2,0,(I$1-1)*10+5,1,5),{2,6,8,6,2}))*$B3/1000-'Sys Redisual Energy H16'!J2-'Sys Redisual Energy L08'!J2 -> -1850.1787 | J3: =(SUMPRODUCT(OFFSET('BlocksFinal (Kyle and Naser)'!$A2,0,(J$1-1)*10+5,1,5),{2,6,8,6,2}))*$B3/1000-'Sys Redisual Energy H16'!K2-'Sys Redisual Energy L08'!K2 -> -470.15363 | ... AY3: =(SUMPRODUCT(OFFSET('BlocksFinal (Kyle and Naser)'!$A2,0,(AY$1-1)*10+5,1,5),{2,6,8,6,2}))*$B3/1000-'Sys Redisual Energy H16'!AZ2-'Sys Redisual Energy L08'!AZ2 -> -1164.2259
A4: 44593 | B4: =A5-A4 -> 28 | C4: =(SUMPRODUCT(OFFSET('BlocksFinal (Kyle and Naser)'!$A3,0,(C$1-1)*10+5,1,5),{2,6,8,6,2}))*$B4/1000-'Sys Redisual Energy H16'!D3-'Sys Redisual Energy L08'!D3 -> -497.63284 | D4: =(SUMPRODUCT(OFFSET('BlocksFinal (Kyle and Naser)'!$A3,0,(D$1-1)*10+5,1,5),{2,6,8,6,2}))*$B4/1000-'Sys Redisual Energy H16'!E3-'Sys Redisual Energy L08'!E3 -> 450.84847 | E4: =(SUMPRODUCT(OFFSET('BlocksFinal (Kyle and Naser)'!$A3,0,(E$1-1)*10+5,1,5),{2,6,8,6,2}))*$B4/1000-'Sys Redisual Energy H16'!F3-'Sys Redisual Energy L08'!F3 -> -99.693206 | F4: =(SUMPRODUCT(OFFSET('BlocksFinal (Kyle and Naser)'!$A3,0,(F$1-1)*10+5,1,5),{2,6,8,6,2}))*$B4/1000-'Sys Redisual Energy H16'!G3-'Sys Redisual Energy L08'!G3 -> 934.70855 | G4: =(SUMPRODUCT(OFFSET('BlocksFinal (Kyle and Naser)'!$A3,0,(G$1-1)*10+5,1,5),{2,6,8,6,2}))*$B4/1000-'Sys Redisual Energy H16'!H3-'Sys Redisual Energy L08'!H3 -> 211.22835 | H4: =(SUMPRODUCT(OFFSET('BlocksFinal (Kyle and Naser)'!$A3,0,(H$1-1)*10+5,1,5),{2,6,8,6,2}))*$B4/1000-'Sys Redisual Energy H16'!I3-'Sys Redisual Energy L08'!I3 -> -11.947371 | I4: =(SUMPRODUCT(OFFSET('BlocksFinal (Kyle and Naser)'!$A3,0,(I$1-1)*10+5,1,5),{2,6,8,6,2}))*$B4/1000-'Sys Redisual Energy H16'!J3-'Sys Redisual Energy L08'!J3 -> -16.870887 | J4: =(SUMPRODUCT(OFFSET('BlocksFinal (Kyle and Naser)'!$A3,0,(J$1-1)*10+5,1,5),{2,6,8,6,2}))*$B4/1000-'Sys Redisual Energy H16'!K3-'Sys Redisual Energy L08'!K3 -> 556.43013 | ... AY4: =(SUMPRODUCT(OFFSET('BlocksFinal (Kyle and Naser)'!$A3,0,(AY$1-1)*10+5,1,5),{2,6,8,6,2}))*$B4/1000-'Sys Redisual Energy H16'!AZ3-'Sys Redisual Energy L08'!AZ3 -> -82.290417
A5: 44621 | B5: =A6-A5 -> 31 | C5: =(SUMPRODUCT(OFFSET('BlocksFinal (Kyle and Naser)'!$A4,0,(C$1-1)*10+5,1,5),{2,6,8,6,2}))*$B5/1000-'Sys Redisual Energy H16'!D4-'Sys Redisual Energy L08'!D4 -> 727.33902 | D5: =(SUMPRODUCT(OFFSET('BlocksFinal (Kyle and Naser)'!$A4,0,(D$1-1)*10+5,1,5),{2,6,8,6,2}))*$B5/1000-'Sys Redisual Energy H16'!E4-'Sys Redisual Energy L08'!E4 -> 1100.0321 | E5: =(SUMPRODUCT(OFFSET('BlocksFinal (Kyle and Naser)'!$A4,0,(E$1-1)*10+5,1,5),{2,6,8,6,2}))*$B5/1000-'Sys Redisual Energy H16'!F4-'Sys Redisual Energy L08'!F4 -> 1137.0579 | F5: =(SUMPRODUCT(OFFSET('BlocksFinal (Kyle and Naser)'!$A4,0,(F$1-1)*10+5,1,5),{2,6,8,6,2}))*$B5/1000-'Sys Redisual Energy H16'!G4-'Sys Redisual Energy L08'!G4 -> 453.26782 | G5: =(SUMPRODUCT(OFFSET('BlocksFinal (Kyle and Naser)'!$A4,0,(G$1-1)*10+5,1,5),{2,6,8,6,2}))*$B5/1000-'Sys Redisual Energy H16'!H4-'Sys Redisual Energy L08'!H4 -> -186.92541 | H5: =(SUMPRODUCT(OFFSET('BlocksFinal (Kyle and Naser)'!$A4,0,(H$1-1)*10+5,1,5),{2,6,8,6,2}))*$B5/1000-'Sys Redisual Energy H16'!I4-'Sys Redisual Energy L08'!I4 -> 1014.433 | I5: =(SUMPRODUCT(OFFSET('BlocksFinal (Kyle and Naser)'!$A4,0,(I$1-1)*10+5,1,5),{2,6,8,6,2}))*$B5/1000-'Sys Redisual Energy H16'!J4-'Sys Redisual Energy L08'!J4 -> 680.78481 | J5: =(SUMPRODUCT(OFFSET('BlocksFinal (Kyle and Naser)'!$A4,0,(J$1-1)*10+5,1,5),{2,6,8,6,2}))*$B5/1000-'Sys Redisual Energy H16'!K4-'Sys Redisual Energy L08'!K4 -> 1420.7984 | ... AY5: =(SUMPRODUCT(OFFSET('BlocksFinal (Kyle and Naser)'!$A4,0,(AY$1-1)*10+5,1,5),{2,6,8,6,2}))*$B5/1000-'Sys Redisual Energy H16'!AZ4-'Sys Redisual Energy L08'!AZ4 -> 211.23515
A6: 44652 | B6: =A7-A6 -> 30 | C6: =(SUMPRODUCT(OFFSET('BlocksFinal (Kyle and Naser)'!$A5,0,(C$1-1)*10+5,1,5),{2,6,8,6,2}))*$B6/1000-'Sys Redisual Energy H16'!D5-'Sys Redisual Energy L08'!D5 -> 861.27611 | D6: =(SUMPRODUCT(OFFSET('BlocksFinal (Kyle and Naser)'!$A5,0,(D$1-1)*10+5,1,5),{2,6,8,6,2}))*$B6/1000-'Sys Redisual Energy H16'!E5-'Sys Redisual Energy L08'!E5 -> 2485.4404 | E6: =(SUMPRODUCT(OFFSET('BlocksFinal (Kyle and Naser)'!$A5,0,(E$1-1)*10+5,1,5),{2,6,8,6,2}))*$B6/1000-'Sys Redisual Energy H16'!F5-'Sys Redisual Energy L08'!F5 -> 1157.8028 | F6: =(SUMPRODUCT(OFFSET('BlocksFinal (Kyle and Naser)'!$A5,0,(F$1-1)*10+5,1,5),{2,6,8,6,2}))*$B6/1000-'Sys Redisual Energy H16'!G5-'Sys Redisual Energy L08'!G5 -> 861.99724 | G6: =(SUMPRODUCT(OFFSET('BlocksFinal (Kyle and Naser)'!$A5,0,(G$1-1)*10+5,1,5),{2,6,8,6,2}))*$B6/1000-'Sys Redisual Energy H16'!H5-'Sys Redisual Energy L08'!H5 -> 798.40335 | H6: =(SUMPRODUCT(OFFSET('BlocksFinal (Kyle and Naser)'!$A5,0,(H$1-1)*10+5,1,5),{2,6,8,6,2}))*$B6/1000-'Sys Redisual Energy H16'!I5-'Sys Redisual Energy L08'!I5 -> 1732.4048 | I6: =(SUMPRODUCT(OFFSET('BlocksFinal (Kyle and Naser)'!$A5,0,(I$1-1)*10+5,1,5),{2,6,8,6,2}))*$B6/1000-'Sys Redisual Energy H16'!J5-'Sys Redisual Energy L08'!J5 -> 1828.5248 | J6: =(SUMPRODUCT(OFFSET('BlocksFinal (Kyle and Naser)'!$A5,0,(J$1-1)*10+5,1,5),{2,6,8,6,2}))*$B6/1000-'Sys Redisual Energy H16'!K5-'Sys Redisual Energy L08'!K5 -> 2160.4862 | ... AY6: =(SUMPRODUCT(OFFSET('BlocksFinal (Kyle and Naser)'!$A5,0,(AY$1-1)*10+5,1,5),{2,6,8,6,2}))*$B6/1000-'Sys Redisual Energy H16'!AZ5-'Sys Redisual Energy L08'!AZ5 -> 1302.564
A7: 44682 | B7: =A8-A7 -> 31 | C7: =(SUMPRODUCT(OFFSET('BlocksFinal (Kyle and Naser)'!$A6,0,(C$1-1)*10+5,1,5),{2,6,8,6,2}))*$B7/1000-'Sys Redisual Energy H16'!D6-'Sys Redisual Energy L08'!D6 -> 1490.1982 | D7: =(SUMPRODUCT(OFFSET('BlocksFinal (Kyle and Naser)'!$A6,0,(D$1-1)*10+5,1,5),{2,6,8,6,2}))*$B7/1000-'Sys Redisual Energy H16'!E6-'Sys Redisual Energy L08'!E6 -> 2132.5792 | E7: =(SUMPRODUCT(OFFSET('BlocksFinal (Kyle and Naser)'!$A6,0,(E$1-1)*10+5,1,5),{2,6,8,6,2}))*$B7/1000-'Sys Redisual Energy H16'!F6-'Sys Redisual Energy L08'!F6 -> 1510.8975 | F7: =(SUMPRODUCT(OFFSET('BlocksFinal (Kyle and Naser)'!$A6,0,(F$1-1)*10+5,1,5),{2,6,8,6,2}))*$B7/1000-'Sys Redisual Energy H16'!G6-'Sys Redisual Energy L08'!G6 -> 2652.4091 | G7: =(SUMPRODUCT(OFFSET('BlocksFinal (Kyle and Naser)'!$A6,0,(G$1-1)*10+5,1,5),{2,6,8,6,2}))*$B7/1000-'Sys Redisual Energy H16'!H6-'Sys Redisual Energy L08'!H6 -> 1695.6216 | H7: =(SUMPRODUCT(OFFSET('BlocksFinal (Kyle and Naser)'!$A6,0,(H$1-1)*10+5,1,5),{2,6,8,6,2}))*$B7/1000-'Sys Redisual Energy H16'!I6-'Sys Redisual Energy L08'!I6 -> 3131.7668 | I7: =(SUMPRODUCT(OFFSET('BlocksFinal (Kyle and Naser)'!$A6,0,(I$1-1)*10+5,1,5),{2,6,8,6,2}))*$B7/1000-'Sys Redisual Energy H16'!J6-'Sys Redisual Energy L08'!J6 -> 2946.3463 | J7: =(SUMPRODUCT(OFFSET('BlocksFinal (Kyle and Naser)'!$A6,0,(J$1-1)*10+5,1,5),{2,6,8,6,2}))*$B7/1000-'Sys Redisual Energy H16'!K6-'Sys Redisual Energy L08'!K6 -> 1319.0615 | ... AY7: =(SUMPRODUCT(OFFSET('BlocksFinal (Kyle and Naser)'!$A6,0,(AY$1-1)*10+5,1,5),{2,6,8,6,2}))*$B7/1000-'Sys Redisual Energy H16'!AZ6-'Sys Redisual Energy L08'!AZ6 -> 2428.5486
A8: 44713 | B8: =A9-A8 -> 30 | C8: =(SUMPRODUCT(OFFSET('BlocksFinal (Kyle and Naser)'!$A7,0,(C$1-1)*10+5,1,5),{2,6,8,6,2}))*$B8/1000-'Sys Redisual Energy H16'!D7-'Sys Redisual Energy L08'!D7 -> 3111.8409 | D8: =(SUMPRODUCT(OFFSET('BlocksFinal (Kyle and Naser)'!$A7,0,(D$1-1)*10+5,1,5),{2,6,8,6,2}))*$B8/1000-'Sys Redisual Energy H16'!E7-'Sys Redisual Energy L08'!E7 -> 2012.1588 | E8: =(SUMPRODUCT(OFFSET('BlocksFinal (Kyle and Naser)'!$A7,0,(E$1-1)*10+5,1,5),{2,6,8,6,2}))*$B8/1000-'Sys Redisual Energy H16'!F7-'Sys Redisual Energy L08'!F7 -> 3404.7718 | F8: =(SUMPRODUCT(OFFSET('BlocksFinal (Kyle and Naser)'!$A7,0,(F$1-1)*10+5,1,5),{2,6,8,6,2}))*$B8/1000-'Sys Redisual Energy H16'!G7-'Sys Redisual Energy L08'!G7 -> 3167.3048 | G8: =(SUMPRODUCT(OFFSET('BlocksFinal (Kyle and Naser)'!$A7,0,(G$1-1)*10+5,1,5),{2,6,8,6,2}))*$B8/1000-'Sys Redisual Energy H16'!H7-'Sys Redisual Energy L08'!H7 -> 3019.5234 | H8: =(SUMPRODUCT(OFFSET('BlocksFinal (Kyle and Naser)'!$A7,0,(H$1-1)*10+5,1,5),{2,6,8,6,2}))*$B8/1000-'Sys Redisual Energy H16'!I7-'Sys Redisual Energy L08'!I7 -> 3455.8677 | I8: =(SUMPRODUCT(OFFSET('BlocksFinal (Kyle and Naser)'!$A7,0,(I$1-1)*10+5,1,5),{2,6,8,6,2}))*$B8/1000-'Sys Redisual Energy H16'!J7-'Sys Redisual Energy L08'!J7 -> 2031.5532 | J8: =(SUMPRODUCT(OFFSET('BlocksFinal (Kyle and Naser)'!$A7,0,(J$1-1)*10+5,1,5),{2,6,8,6,2}))*$B8/1000-'Sys Redisual Energy H16'!K7-'Sys Redisual Energy L08'!K7 -> 3288.7546 | ... AY8: =(SUMPRODUCT(OFFSET('BlocksFinal (Kyle and Naser)'!$A7,0,(AY$1-1)*10+5,1,5),{2,6,8,6,2}))*$B8/1000-'Sys Redisual Energy H16'!AZ7-'Sys Redisual Energy L08'!AZ7 -> 2108.5201
A9: 44743 | B9: =A10-A9 -> 31 | C9: =(SUMPRODUCT(OFFSET('BlocksFinal (Kyle and Naser)'!$A8,0,(C$1-1)*10+5,1,5),{2,6,8,6,2}))*$B9/1000-'Sys Redisual Energy H16'!D8-'Sys Redisual Energy L08'!D8 -> 2149.5094 | D9: =(SUMPRODUCT(OFFSET('BlocksFinal (Kyle and Naser)'!$A8,0,(D$1-1)*10+5,1,5),{2,6,8,6,2}))*$B9/1000-'Sys Redisual Energy H16'!E8-'Sys Redisual Energy L08'!E8 -> 3549.5393 | E9: =(SUMPRODUCT(OFFSET('BlocksFinal (Kyle and Naser)'!$A8,0,(E$1-1)*10+5,1,5),{2,6,8,6,2}))*$B9/1000-'Sys Redisual Energy H16'!F8-'Sys Redisual Energy L08'!F8 -> 3432.6588 | F9: =(SUMPRODUCT(OFFSET('BlocksFinal (Kyle and Naser)'!$A8,0,(F$1-1)*10+5,1,5),{2,6,8,6,2}))*$B9/1000-'Sys Redisual Energy H16'!G8-'Sys Redisual Energy L08'!G8 -> 3636.3485 | G9: =(SUMPRODUCT(OFFSET('BlocksFinal (Kyle and Naser)'!$A8,0,(G$1-1)*10+5,1,5),{2,6,8,6,2}))*$B9/1000-'Sys Redisual Energy H16'!H8-'Sys Redisual Energy L08'!H8 -> 2763.0025 | H9: =(SUMPRODUCT(OFFSET('BlocksFinal (Kyle and Naser)'!$A8,0,(H$1-1)*10+5,1,5),{2,6,8,6,2}))*$B9/1000-'Sys Redisual Energy H16'!I8-'Sys Redisual Energy L08'!I8 -> 1883.1438 | I9: =(SUMPRODUCT(OFFSET('BlocksFinal (Kyle and Naser)'!$A8,0,(I$1-1)*10+5,1,5),{2,6,8,6,2}))*$B9/1000-'Sys Redisual Energy H16'!J8-'Sys Redisual Energy L08'!J8 -> 2733.7119 | J9: =(SUMPRODUCT(OFFSET('BlocksFinal (Kyle and Naser)'!$A8,0,(J$1-1)*10+5,1,5),{2,6,8,6,2}))*$B9/1000-'Sys Redisual Energy H16'!K8-'Sys Redisual Energy L08'!K8 -> 2210.2955 | ... AY9: =(SUMPRODUCT(OFFSET('BlocksFinal (Kyle and Naser)'!$A8,0,(AY$1-1)*10+5,1,5),{2,6,8,6,2}))*$B9/1000-'Sys Redisual Energy H16'!AZ8-'Sys Redisual Energy L08'!AZ8 -> 2950.0578
A10: 44774 | B10: =A11-A10 -> 31 | C10: =(SUMPRODUCT(OFFSET('BlocksFinal (Kyle and Naser)'!$A9,0,(C$1-1)*10+5,1,5),{2,6,8,6,2}))*$B10/1000-'Sys Redisual Energy H16'!D9-'Sys Redisual Energy L08'!D9 -> 2543.3864 | D10: =(SUMPRODUCT(OFFSET('BlocksFinal (Kyle and Naser)'!$A9,0,(D$1-1)*10+5,1,5),{2,6,8,6,2}))*$B10/1000-'Sys Redisual Energy H16'!E9-'Sys Redisual Energy L08'!E9 -> 2424.9242 | E10: =(SUMPRODUCT(OFFSET('BlocksFinal (Kyle and Naser)'!$A9,0,(E$1-1)*10+5,1,5),{2,6,8,6,2}))*$B10/1000-'Sys Redisual Energy H16'!F9-'Sys Redisual Energy L08'!F9 -> 3338.7344 | F10: =(SUMPRODUCT(OFFSET('BlocksFinal (Kyle and Naser)'!$A9,0,(F$1-1)*10+5,1,5),{2,6,8,6,2}))*$B10/1000-'Sys Redisual Energy H16'!G9-'Sys Redisual Energy L08'!G9 -> 2823.1188 | G10: =(SUMPRODUCT(OFFSET('BlocksFinal (Kyle and Naser)'!$A9,0,(G$1-1)*10+5,1,5),{2,6,8,6,2}))*$B10/1000-'Sys Redisual Energy H16'!H9-'Sys Redisual Energy L08'!H9 -> 1633.5784 | H10: =(SUMPRODUCT(OFFSET('BlocksFinal (Kyle and Naser)'!$A9,0,(H$1-1)*10+5,1,5),{2,6,8,6,2}))*$B10/1000-'Sys Redisual Energy H16'!I9-'Sys Redisual Energy L08'!I9 -> 2450.0857 | I10: =(SUMPRODUCT(OFFSET('BlocksFinal (Kyle and Naser)'!$A9,0,(I$1-1)*10+5,1,5),{2,6,8,6,2}))*$B10/1000-'Sys Redisual Energy H16'!J9-'Sys Redisual Energy L08'!J9 -> 1564.1937 | J10: =(SUMPRODUCT(OFFSET('BlocksFinal (Kyle and Naser)'!$A9,0,(J$1-1)*10+5,1,5),{2,6,8,6,2}))*$B10/1000-'Sys Redisual Energy H16'!K9-'Sys Redisual Energy L08'!K9 -> 1898.5206 | ... AY10: =(SUMPRODUCT(OFFSET('BlocksFinal (Kyle and Naser)'!$A9,0,(AY$1-1)*10+5,1,5),{2,6,8,6,2}))*$B10/1000-'Sys Redisual Energy H16'!AZ9-'Sys Redisual Energy L08'!AZ9 -> 1439.9552
A11: 44805 | B11: =A12-A11 -> 30 | C11: =(SUMPRODUCT(OFFSET('BlocksFinal (Kyle and Naser)'!$A10,0,(C$1-1)*10+5,1,5),{2,6,8,6,2}))*$B11/1000-'Sys Redisual Energy H16'!D10-'Sys Redisual Energy L08'!D10 -> 1805.8018 | D11: =(SUMPRODUCT(OFFSET('BlocksFinal (Kyle and Naser)'!$A10,0,(D$1-1)*10+5,1,5),{2,6,8,6,2}))*$B11/1000-'Sys Redisual Energy H16'!E10-'Sys Redisual Energy L08'!E10 -> 2889.1172 | E11: =(SUMPRODUCT(OFFSET('BlocksFinal (Kyle and Naser)'!$A10,0,(E$1-1)*10+5,1,5),{2,6,8,6,2}))*$B11/1000-'Sys Redisual Energy H16'!F10-'Sys Redisual Energy L08'!F10 -> 2573.1781 | F11: =(SUMPRODUCT(OFFSET('BlocksFinal (Kyle and Naser)'!$A10,0,(F$1-1)*10+5,1,5),{2,6,8,6,2}))*$B11/1000-'Sys Redisual Energy H16'!G10-'Sys Redisual Energy L08'!G10 -> 1035.1798 | G11: =(SUMPRODUCT(OFFSET('BlocksFinal (Kyle and Naser)'!$A10,0,(G$1-1)*10+5,1,5),{2,6,8,6,2}))*$B11/1000-'Sys Redisual Energy H16'!H10-'Sys Redisual Energy L08'!H10 -> 1981.2354 | H11: =(SUMPRODUCT(OFFSET('BlocksFinal (Kyle and Naser)'!$A10,0,(H$1-1)*10+5,1,5),{2,6,8,6,2}))*$B11/1000-'Sys Redisual Energy H16'!I10-'Sys Redisual Energy L08'!I10 -> 2077.1161 | I11: =(SUMPRODUCT(OFFSET('BlocksFinal (Kyle and Naser)'!$A10,0,(I$1-1)*10+5,1,5),{2,6,8,6,2}))*$B11/1000-'Sys Redisual Energy H16'!J10-'Sys Redisual Energy L08'!J10 -> 1814.7127 | J11: =(SUMPRODUCT(OFFSET('BlocksFinal (Kyle and Naser)'!$A10,0,(J$1-1)*10+5,1,5),{2,6,8,6,2}))*$B11/1000-'Sys Redisual Energy H16'!K10-'Sys Redisual Energy L08'!K10 -> 2346.1471 | ... AY11: =(SUMPRODUCT(OFFSET('BlocksFinal (Kyle and Naser)'!$A10,0,(AY$1-1)*10+5,1,5),{2,6,8,6,2}))*$B11/1000-'Sys Redisual Energy H16'!AZ10-'Sys Redisual Energy L08'!AZ10 -> 2105.4441
A12: 44835 | B12: =A13-A12 -> 31 | C12: =(SUMPRODUCT(OFFSET('BlocksFinal (Kyle and Naser)'!$A11,0,(C$1-1)*10+5,1,5),{2,6,8,6,2}))*$B12/1000-'Sys Redisual Energy H16'!D11-'Sys Redisual Energy L08'!D11 -> 298.75646 | D12: =(SUMPRODUCT(OFFSET('BlocksFinal (Kyle and Naser)'!$A11,0,(D$1-1)*10+5,1,5),{2,6,8,6,2}))*$B12/1000-'Sys Redisual Energy H16'!E11-'Sys Redisual Energy L08'!E11 -> 1614.4673 | E12: =(SUMPRODUCT(OFFSET('BlocksFinal (Kyle and Naser)'!$A11,0,(E$1-1)*10+5,1,5),{2,6,8,6,2}))*$B12/1000-'Sys Redisual Energy H16'!F11-'Sys Redisual Energy L08'!F11 -> 1178.7851 | F12: =(SUMPRODUCT(OFFSET('BlocksFinal (Kyle and Naser)'!$A11,0,(F$1-1)*10+5,1,5),{2,6,8,6,2}))*$B12/1000-'Sys Redisual Energy H16'!G11-'Sys Redisual Energy L08'!G11 -> 1148.9458 | G12: =(SUMPRODUCT(OFFSET('BlocksFinal (Kyle and Naser)'!$A11,0,(G$1-1)*10+5,1,5),{2,6,8,6,2}))*$B12/1000-'Sys Redisual Energy H16'!H11-'Sys Redisual Energy L08'!H11 -> 829.51604 | H12: =(SUMPRODUCT(OFFSET('BlocksFinal (Kyle and Naser)'!$A11,0,(H$1-1)*10+5,1,5),{2,6,8,6,2}))*$B12/1000-'Sys Redisual Energy H16'!I11-'Sys Redisual Energy L08'!I11 -> 1939.736 | I12: =(SUMPRODUCT(OFFSET('BlocksFinal (Kyle and Naser)'!$A11,0,(I$1-1)*10+5,1,5),{2,6,8,6,2}))*$B12/1000-'Sys Redisual Energy H16'!J11-'Sys Redisual Energy L08'!J11 -> 1192.2383 | J12: =(SUMPRODUCT(OFFSET('BlocksFinal (Kyle and Naser)'!$A11,0,(J$1-1)*10+5,1,5),{2,6,8,6,2}))*$B12/1000-'Sys Redisual Energy H16'!K11-'Sys Redisual Energy L08'!K11 -> 411.18948 | ... AY12: =(SUMPRODUCT(OFFSET('BlocksFinal (Kyle and Naser)'!$A11,0,(AY$1-1)*10+5,1,5),{2,6,8,6,2}))*$B12/1000-'Sys Redisual Energy H16'!AZ11-'Sys Redisual Energy L08'!AZ11 -> 566.65567
A13: 44866 | B13: =A14-A13 -> 30 | C13: =(SUMPRODUCT(OFFSET('BlocksFinal (Kyle and Naser)'!$A12,0,(C$1-1)*10+5,1,5),{2,6,8,6,2}))*$B13/1000-'Sys Redisual Energy H16'!D12-'Sys Redisual Energy L08'!D12 -> 886.21717 | D13: =(SUMPRODUCT(OFFSET('BlocksFinal (Kyle and Naser)'!$A12,0,(D$1-1)*10+5,1,5),{2,6,8,6,2}))*$B13/1000-'Sys Redisual Energy H16'!E12-'Sys Redisual Energy L08'!E12 -> 188.91197 | E13: =(SUMPRODUCT(OFFSET('BlocksFinal (Kyle and Naser)'!$A12,0,(E$1-1)*10+5,1,5),{2,6,8,6,2}))*$B13/1000-'Sys Redisual Energy H16'!F12-'Sys Redisual Energy L08'!F12 -> 1212.2572 | F13: =(SUMPRODUCT(OFFSET('BlocksFinal (Kyle and Naser)'!$A12,0,(F$1-1)*10+5,1,5),{2,6,8,6,2}))*$B13/1000-'Sys Redisual Energy H16'!G12-'Sys Redisual Energy L08'!G12 -> 332.92205 | G13: =(SUMPRODUCT(OFFSET('BlocksFinal (Kyle and Naser)'!$A12,0,(G$1-1)*10+5,1,5),{2,6,8,6,2}))*$B13/1000-'Sys Redisual Energy H16'!H12-'Sys Redisual Energy L08'!H12 -> 781.88747 | H13: =(SUMPRODUCT(OFFSET('BlocksFinal (Kyle and Naser)'!$A12,0,(H$1-1)*10+5,1,5),{2,6,8,6,2}))*$B13/1000-'Sys Redisual Energy H16'!I12-'Sys Redisual Energy L08'!I12 -> 51.188973 | I13: =(SUMPRODUCT(OFFSET('BlocksFinal (Kyle and Naser)'!$A12,0,(I$1-1)*10+5,1,5),{2,6,8,6,2}))*$B13/1000-'Sys Redisual Energy H16'!J12-'Sys Redisual Energy L08'!J12 -> -405.52461 | J13: =(SUMPRODUCT(OFFSET('BlocksFinal (Kyle and Naser)'!$A12,0,(J$1-1)*10+5,1,5),{2,6,8,6,2}))*$B13/1000-'Sys Redisual Energy H16'!K12-'Sys Redisual Energy L08'!K12 -> 583.25257 | ... AY13: =(SUMPRODUCT(OFFSET('BlocksFinal (Kyle and Naser)'!$A12,0,(AY$1-1)*10+5,1,5),{2,6,8,6,2}))*$B13/1000-'Sys Redisual Energy H16'!AZ12-'Sys Redisual Energy L08'!AZ12 -> -648.43472
... A61: 46327 | B61: =A62-A61 -> 30 | C61: =(SUMPRODUCT(OFFSET('BlocksFinal (Kyle and Naser)'!$A60,0,(C$1-1)*10+5,1,5),{2,6,8,6,2}))*$B61/1000-'Sys Redisual Energy H16'!D60-'Sys Redisual Energy L08'!D60 -> 309.36072 | D61: =(SUMPRODUCT(OFFSET('BlocksFinal (Kyle and Naser)'!$A60,0,(D$1-1)*10+5,1,5),{2,6,8,6,2}))*$B61/1000-'Sys Redisual Energy H16'!E60-'Sys Redisual Energy L08'!E60 -> 300.79955 | E61: =(SUMPRODUCT(OFFSET('BlocksFinal (Kyle and Naser)'!$A60,0,(E$1-1)*10+5,1,5),{2,6,8,6,2}))*$B61/1000-'Sys Redisual Energy H16'!F60-'Sys Redisual Energy L08'!F60 -> -401.55894 | F61: =(SUMPRODUCT(OFFSET('BlocksFinal (Kyle and Naser)'!$A60,0,(F$1-1)*10+5,1,5),{2,6,8,6,2}))*$B61/1000-'Sys Redisual Energy H16'!G60-'Sys Redisual Energy L08'!G60 -> -647.92004 | G61: =(SUMPRODUCT(OFFSET('BlocksFinal (Kyle and Naser)'!$A60,0,(G$1-1)*10+5,1,5),{2,6,8,6,2}))*$B61/1000-'Sys Redisual Energy H16'!H60-'Sys Redisual Energy L08'!H60 -> 1060.8545 | H61: =(SUMPRODUCT(OFFSET('BlocksFinal (Kyle and Naser)'!$A60,0,(H$1-1)*10+5,1,5),{2,6,8,6,2}))*$B61/1000-'Sys Redisual Energy H16'!I60-'Sys Redisual Energy L08'!I60 -> -572.02437 | I61: =(SUMPRODUCT(OFFSET('BlocksFinal (Kyle and Naser)'!$A60,0,(I$1-1)*10+5,1,5),{2,6,8,6,2}))*$B61/1000-'Sys Redisual Energy H16'!J60-'Sys Redisual Energy L08'!J60 -> 290.22953 | J61: =(SUMPRODUCT(OFFSET('BlocksFinal (Kyle and Naser)'!$A60,0,(J$1-1)*10+5,1,5),{2,6,8,6,2}))*$B61/1000-'Sys Redisual Energy H16'!K60-'Sys Redisual Energy L08'!K60 -> 138.47088 | ... AY61: =(SUMPRODUCT(OFFSET('BlocksFinal (Kyle and Naser)'!$A60,0,(AY$1-1)*10+5,1,5),{2,6,8,6,2}))*$B61/1000-'Sys Redisual Energy H16'!AZ60-'Sys Redisual Energy L08'!AZ60 -> 112.04723
A62: 46357

Sheet BlocksFinal (Kyle and Naser)
A1: 64.555373 | B1: 55.81244 | C1: 44.145629 | D1: 37.650469 | E1: 25.224489 | F1: 4469.911 | G1: 4429.9574 | H1: 4119.3379 | I1: 3362.4216 | J1: 2942.4112 | K1: 92.535671 | L1: 70.161135 | M1: 53.453232 | N1: 45.125211 | O1: 26.652764 | P1: 4723.3139 | Q1: 4880.6038 | R1: 4296.2434 | S1: 3399.6633 | T1: 3064.4595 | U1: 54.553621 | V1: 41.411371 | W1: 32.866984 | X1: 28.762428 | Y1: 20.27772 | Z1: 4864.9314 | AA1: 4624.6443 | AB1: 4023.1996 | AC1: 2275.9889 | AD1: 3193.5771 | AE1: 72.974974 | AF1: 59.036651 | AG1: 46.692944 | AH1: 41.47517 | AI1: 26.734157 | AJ1: 4767.0294 | AK1: 4747.8854 | AL1: 4190.6448 | AM1: 4310.5529 | AN1: 2955.1568 | AO1: 68.675738 | AP1: 52.386156 | AQ1: 41.576855 | AR1: 37.884524 | AS1: 26.402955 | AT1: 4840.6983 | AU1: 5154.0105 | AV1: 4786.6881 | AW1: 6077.6767 | AX1: 2887.8405 | AY1: 56.863042 | AZ1: 47.505145 | BA1: 39.233563 | BB1: 33.601805 | BC1: 23.014233 | BD1: 5682.9729 | BE1: 5475.816 | BF1: 4970.718 | BG1: 5535.1511 | BH1: 3742.6536 | BI1: 68.271228 | BJ1: 54.988264 | BK1: 44.784344 | BL1: 38.968781 | BM1: 26.648731 | BN1: 4785.2144 | BO1: 4654.9081 | BP1: 4321.4663 | BQ1: 4573.8655 | BR1: 2993.6236 | BS1: 63.674431 | BT1: 51.629581 | BU1: 43.437482 | BV1: 39.152291 | BW1: 25.749757 | BX1: 3981.7858 | BY1: 4084.5697 | BZ1: 3882.7319 | CA1: 4743.3316 | CB1: 2640.7189 | CC1: 69.26126 | CD1: 58.802105 | CE1: 47.177978 | CF1: 40.977273 | CG1: 24.808906 | CH1: 5234.7835 | CI1: 5025.5056 | CJ1: 4542.1403 | CK1: 3378.2793 | CL1: 2940.9006 | CM1: 72.467997 | CN1: 64.037011 | CO1: 51.651376 | CP1: 45.053192 | CQ1: 25.238241 | CR1: 5147.5583 | CS1: 5082.6474 | CT1: 4670.6361 | CU1: 3561.6326 | CV1: 3023.6564 | CW1: 86.548384 | CX1: 67.254397 | CY1: 53.650199 | CZ1: 45.143909 | DA1: 26.760077 | DB1: 5838.6793 | DC1: 5619.4219 | DD1: 5149.4779 | DE1: 3674.2989 | DF1: 3011.4584 | DG1: 86.421159 | DH1: 70.416442 | DI1: 57.248146 | DJ1: 49.054796 | DK1: 26.760077 | DL1: 5968.5238 | DM1: 5742.1601 | DN1: 5231.5851 | DO1: 6545.075 | DP1: 3300.0556 | DQ1: 77.58598 | DR1: 55.89751 | DS1: 44.508595 | DT1: 40.429432 | DU1: 25.559456 | DV1: 5561.1114 | DW1: 5319.2076 | DX1: 5117.095 | DY1: 5951.9146 | DZ1: 3284.0484 | EA1: 72.554566 | EB1: 55.763584 | EC1: 42.251568 | ED1: 38.733376 | EE1: 26.558922 | EF1: 5079.5995 | EG1: 4873.9544 | EH1: 4376.1957 | EI1: 4274.5976 | EJ1: 2976.2384 | EK1: 73.08105 | EL1: 61.10405 | EM1: 49.767841 | EN1: 40.310184 | EO1: 26.37949 | EP1: 5191.0987 | EQ1: 5061.6697 | ER1: 4773.4681 | ES1: 5051.5149 | ET1: 3109.0457 | EU1: 65.827671 | EV1: 54.150702 | EW1: 43.166746 | EX1: 38.516727 | EY1: 25.509639 | EZ1: 5200.1604 | FA1: 4898.1931 | FB1: 4472.2057 | FC1: 4996.3 | FD1: 2991.6133 | FE1: 58.660428 | FF1: 48.758944 | FG1: 40.229549 | FH1: 37.274868 | FI1: 25.685777 | FJ1: 4674.385 | FK1: 4287.0877 | FL1: 4367.7526 | FM1: 3820.6029 | FN1: 2744.1799 | FO1: 67.446927 | FP1: 54.788634 | FQ1: 45.768179 | FR1: 41.046039 | FS1: 25.97929 | FT1: 6000.8388 | FU1: 5385.6643 | FV1: 5110.6314 | FW1: 4266.1111 | FX1: 2933.7318 | FY1: 73.849699 | FZ1: 54.480823 | GA1: 40.635779 | GB1: 34.944791 | GC1: 23.256878 | GD1: 4862.1225 | GE1: 4491.7811 | GF1: 4158.6435 | GG1: 4027.289 | GH1: 3168.4084 | GI1: 61.365756 | GJ1: 47.037739 | GK1: 36.92048 | GL1: 32.900537 | GM1: 24.632805 | GN1: 5871.5246 | GO1: 5387.7442 | GP1: 4697.324 | GQ1: 3723.6348 | GR1: 3659.0811 | GS1: 80.06669 | GT1: 63.021599 | GU1: 47.087164 | GV1: 39.270424 | GW1: 24.446506 | GX1: 5392.8081 | GY1: 5095.6012 | GZ1: 4659.1915 | HA1: 4512.1749 | HB1: 3064.8808 | HC1: 57.517841 | HD1: 46.141343 | HE1: 37.408424 | HF1: 33.68435 | HG1: 25.146749 | HH1: 4986.0627 | HI1: 4597.6488 | HJ1: 4170.7457 | HK1: 4483.7715 | HL1: 3037.5161 | HM1: 68.510345 | HN1: 57.692977 | HO1: 44.854421 | HP1: 38.106045 | HQ1: 23.876561 | HR1: 4328.4356 | HS1: 4356.7473 | HT1: 4142.5721 | HU1: 2922.3777 | HV1: 3109.8454 | HW1: 73.047184 | HX1: 60.344677 | HY1: 46.449635 | HZ1: 40.85288 | IA1: 25.799099 | IB1: 5842.2813 | IC1: 5862.6423 | ID1: 5354.4695 | IE1: 4250.9907 | IF1: 3140.8294 | IG1: 80.460098 | IH1: 64.560042 | II1: 53.045322 | IJ1: 45.929036 | IK1: 26.760077 | IL1: 4968.5097 | IM1: 4586.3534 | IN1: 4377.6095 | IO1: 3771.1349 | IP1: 2931.6588 | IQ1: 92.949484 | IR1: 61.555353 | IS1: 44.07292 | IT1: 36.305082 | IU1: 20.055208 | IV1: 5924.7537 | IW1: 4711.4047 | IX1: 4298.9827 | IY1: 3957.8293 | IZ1: 2926.0775 | JA1: 81.324794 | JB1: 62.308019 | JC1: 41.731508 | JD1: 32.800047 | JE1: 20.082087 | JF1: 4703.5858 | JG1: 4607.2858 | JH1: 4225.2078 | JI1: 3765.8413 | JJ1: 3567.8564 | JK1: 86.715079 | JL1: 73.133632 | JM1: 60.727776 | JN1: 52.239372 | JO1: 26.760077 | JP1: 5342.3324 | JQ1: 5223.6718 | JR1: 5257.0708 | JS1: 4250.7346 | JT1: 3201.6835 | JU1: 74.816481 | JV1: 58.618711 | JW1: 43.721455 | JX1: 34.147551 | JY1: 22.83031 | JZ1: 4904.0619 | KA1: 4898.4211 | KB1: 4453.1983 | KC1: 4556.6107 | KD1: 3541.5841 | KE1: 82.609437 | KF1: 63.640035 | KG1: 49.766926 | KH1: 42.219503 | KI1: 26.160669 | KJ1: 4764.913 | KK1: 4734.8248 | KL1: 4502.9605 | KM1: 3961.0599 | KN1: 3158.7668 | KO1: 66.35269 | KP1: 56.479911 | KQ1: 45.601251 | KR1: 39.904514 | KS1: 26.745725 | KT1: 5078.0465 | KU1: 4888.837 | KV1: 4437.5818 | KW1: 4514.4847 | KX1: 2985.5983 | KY1: 70.252748 | KZ1: 55.646109 | LA1: 40.382938 | LB1: 34.101135 | LC1: 23.212109 | LD1: 4134.1187 | LE1: 4247.947 | LF1: 3965.103 | LG1: 4771.0865 | LH1: 3066.6621 | LI1: 60.831475 | LJ1: 48.179193 | LK1: 38.303334 | LL1: 34.442028 | LM1: 22.132684 | LN1: 5091.063 | LO1: 4541.775 | LP1: 4030.8924 | LQ1: 4586.1968 | LR1: 3179.8996 | LS1: 65.203739 | LT1: 55.213713 | LU1: 41.180748 | LV1: 32.513989 | LW1: 22.793354 | LX1: 4869.4867 | LY1: 4590.6166 | LZ1: 4348.0049 | MA1: 5309.1639 | MB1: 3335.8769 | MC1: 63.41179 | MD1: 49.774888 | ME1: 38.247554 | MF1: 33.902962 | MG1: 24.199007 | MH1: 5036.7193 | MI1: 4695.0771 | MJ1: 4518.1577 | MK1: 4306.4245 | ML1: 3614.2185 | MM1: 64.141902 | MN1: 53.072763 | MO1: 41.734774 | MP1: 37.352591 | MQ1: 25.123299 | MR1: 6302.1696 | MS1: 5836.8932 | MT1: 5187.7464 | MU1: 4510.1352 | MV1: 2974.6507 | MW1: 68.531447 | MX1: 54.989242 | MY1: 44.815656 | MZ1: 38.854342 | NA1: 24.705899 | NB1: 5067.4432 | NC1: 5037.9456 | ND1: 4968.0034 | NE1: 4058.0943 | NF1: 3252.0629 | NG1: 66.096269 | NH1: 53.626963 | NI1: 40.930464 | NJ1: 36.305118 | NK1: 26.040946 | NL1: 5233.8713 | NM1: 4612.9711 | NN1: 4207.7811 | NO1: 4165.4386 | NP1: 3135.8439 | NQ1: 86.142814 | NR1: 67.914097 | NS1: 53.65994 | NT1: 44.597159 | NU1: 26.760077 | NV1: 4821.2561 | NW1: 4846.3128 | NX1: 4740.3297 | NY1: 3473.0229 | NZ1: 3133.416 | OA1: 66.49283 | OB1: 57.553923 | OC1: 44.343149 | OD1: 37.89408 | OE1: 24.353284 | OF1: 5036.4641 | OG1: 4975.6749 | OH1: 4570.5501 | OI1: 3741.2847 | OJ1: 3123.2928 | OK1: 87.857874 | OL1: 75.026143 | OM1: 61.649926 | ON1: 53.907433 | OO1: 26.760077 | OP1: 5055.0248 | OQ1: 5081.6002 | OR1: 5207.1506 | OS1: 5519.2354 | OT1: 3276.1747 | OU1: 57.171764 | OV1: 44.715921 | OW1: 37.09569 | OX1: 33.285009 | OY1: 20.861042 | OZ1: 4783.2529 | PA1: 4113.3902 | PB1: 3894.2498 | PC1: 3387.3549 | PD1: 3215.7887 | PE1: 50.795228 | PF1: 38.148213 | PG1: 32.386257 | PH1: 29.458277 | PI1: 19.712399 | PJ1: 4543.7308 | PK1: 4577.0996 | PL1: 4163.6977 | PM1: 3403.4058 | PN1: 3354.6766 | PO1: 71.157536 | PP1: 55.767782 | PQ1: 43.660439 | PR1: 39.215982 | PS1: 26.392484 | PT1: 5997.3798 | PU1: 5608.0424 | PV1: 4876.4401 | PW1: 3573.2834 | PX1: 2890.9874 | PY1: 65.943838 | PZ1: 58.632685 | QA1: 47.443222 | QB1: 39.850802 | QC1: 26.565366 | QD1: 5182.1172 | QE1: 4941.2744 | QF1: 4902.9372 | QG1: 4017.6703 | QH1: 3018.5157 | QI1: 55.712238 | QJ1: 41.597643 | QK1: 33.497175 | QL1: 30.904434 | QM1: 23.627424 | QN1: 4907.303 | QO1: 4453.8853 | QP1: 4228.668 | QQ1: 4451.9505 | QR1: 3317.265 | QS1: 86.151041 | QT1: 70.846114 | QU1: 59.523908 | QV1: 54.439986 | QW1: 26.760077 | QX1: 4952.8911 | QY1: 4676.0794 | QZ1: 4613.1264 | RA1: 5323.5697 | RB1: 3142.5364 | RC1: 66.475867 | RD1: 51.352017 | RE1: 42.296936 | RF1: 37.484947 | RG1: 25.149241 | RH1: 4689.0024 | RI1: 4324.2465 | RJ1: 4334.4236 | RK1: 4322.1656 | RL1: 2911.2807 | RM1: 82.551326 | RN1: 64.695876 | RO1: 45.593038 | RP1: 37.678139 | RQ1: 25.496664 | RR1: 5725.2463 | RS1: 5444.6173 | RT1: 4562.9544 | RU1: 4336.3128 | RV1: 3046.661
A2: 81.423771 | B2: 67.690007 | C2: 56.723422 | D2: 53.043277 | E2: 36.738943 | F2: 5226.9218 | G2: 5074.7509 | H2: 4772.1993 | I2: 4396.4458 | J2: 4518.6858 | K2: 68.177367 | L2: 55.91122 | M2: 45.700754 | N2: 40.180271 | O2: 16.638746 | P2: 4573.2878 | Q2: 4327.1482 | R2: 3870.2667 | S2: 4276.1449 | T2: 3380.8782 | U2: 89.171657 | V2: 69.530394 | W2: 55.132437 | X2: 46.60679 | Y2: 28.792864 | Z2: 4700.7934 | AA2: 4981.2146 | AB2: 4899.1474 | AC2: 4488.98 | AD2: 4091.8101 | AE2: 91.463763 | AF2: 76.248679 | AG2: 67.852854 | AH2: 63.452287 | AI2: 45.677858 | AJ2: 5481.7288 | AK2: 5097.0671 | AL2: 4799.4355 | AM2: 5288.8482 | AN2: 4585.1521 | AO2: 123.66619 | AP2: 101.03911 | AQ2: 84.099415 | AR2: 76.793716 | AS2: 52.810484 | AT2: 5976.9344 | AU2: 6186.7103 | AV2: 6089.7857 | AW2: 4980.3292 | AX2: 5665.6038 | AY2: 82.677554 | AZ2: 70.189749 | BA2: 58.18918 | BB2: 52.947045 | BC2: 42.318615 | BD2: 4406.0392 | BE2: 4552.211 | BF2: 4300.7872 | BG2: 3708.9311 | BH2: 4137.7606 | BI2: 69.65788 | BJ2: 58.817033 | BK2: 47.786945 | BL2: 41.73381 | BM2: 21.390341 | BN2: 5349.7207 | BO2: 4877.4355 | BP2: 3685.453 | BQ2: 1875.2129 | BR2: 3658.3176 | BS2: 86.652868 | BT2: 74.821539 | BU2: 59.739998 | BV2: 51.938988 | BW2: 37.646224 | BX2: 4903.219 | BY2: 4985.2221 | BZ2: 4648.0578 | CA2: 4503.327 | CB2: 4360.5374 | CC2: 75.686282 | CD2: 65.134894 | CE2: 54.0179 | CF2: 48.62786 | CG2: 33.846948 | CH2: 5331.331 | CI2: 4829.3254 | CJ2: 4701.2641 | CK2: 5185.013 | CL2: 4647.5013 | CM2: 78.785685 | CN2: 66.430804 | CO2: 55.126177 | CP2: 50.748494 | CQ2: 35.276736 | CR2: 6052.0631 | CS2: 5781.7127 | CT2: 5405.6132 | CU2: 4565.2276 | CV2: 4699.6963 | CW2: 171.26278 | CX2: 137.45052 | CY2: 105.00779 | CZ2: 93.786437 | DA2: 61.53043 | DB2: 6053.4165 | DC2: 5860.8537 | DD2: 5780.1472 | DE2: 4912.5549 | DF2: 5217.0948 | DG2: 75.634691 | DH2: 63.612648 | DI2: 47.013942 | DJ2: 40.220541 | DK2: 31.218523 | DL2: 5729.0837 | DM2: 5460.4341 | DN2: 5519.7578 | DO2: 5033.2803 | DP2: 5276.2647 | DQ2: 127.78425 | DR2: 106.9286 | DS2: 85.900018 | DT2: 77.419948 | DU2: 55.024466 | DV2: 5047.242 | DW2: 4921.3596 | DX2: 4783.157 | DY2: 4773.613 | DZ2: 3710.6872 | EA2: 99.035213 | EB2: 83.689008 | EC2: 72.656401 | ED2: 67.293641 | EE2: 55.392726 | EF2: 5127.4292 | EG2: 5120.7755 | EH2: 4899.7154 | EI2: 4949.6442 | EJ2: 4895.9707 | EK2: 104.67294 | EL2: 85.831934 | EM2: 72.39257 | EN2: 65.434008 | EO2: 51.651329 | EP2: 5142.5043 | EQ2: 4884.1404 | ER2: 4719.0461 | ES2: 4668.4535 | ET2: 4724.3302 | EU2: 108.60211 | EV2: 90.290459 | EW2: 74.649149 | EX2: 67.984786 | EY2: 48.584777 | EZ2: 4098.1794 | FA2: 3946.0886 | FB2: 4011.8835 | FC2: 4592.2763 | FD2: 3481.328 | FE2: 88.299668 | FF2: 75.173535 | FG2: 62.287551 | FH2: 56.299469 | FI2: 43.069237 | FJ2: 5801.4102 | FK2: 5130.601 | FL2: 4912.1468 | FM2: 5233.8038 | FN2: 3353.1344 | FO2: 118.99264 | FP2: 102.84108 | FQ2: 85.629292 | FR2: 76.590739 | FS2: 54.714056 | FT2: 4906.3724 | FU2: 4802.6411 | FV2: 4675.2051 | FW2: 4806.9883 | FX2: 4239.8669 | FY2: 108.2514 | FZ2: 92.839276 | GA2: 79.118506 | GB2: 71.322475 | GC2: 55.188854 | GD2: 5389.9159 | GE2: 5598.0178 | GF2: 5355.9588 | GG2: 5633.7199 | GH2: 5385.53 | GI2: 77.7537 | GJ2: 65.801626 | GK2: 52.525451 | GL2: 43.971375 | GM2: 34.086538 | GN2: 5258.223 | GO2: 5141.6992 | GP2: 5099.5408 | GQ2: 4206.7361 | GR2: 4441.7963 | GS2: 111.92926 | GT2: 95.802027 | GU2: 83.327978 | GV2: 76.969676 | GW2: 58.452448 | GX2: 5497.4002 | GY2: 4863.1442 | GZ2: 4429.0245 | HA2: 4298.875 | HB2: 4020.5132 | HC2: 78.824804 | HD2: 61.266466 | HE2: 44.167346 | HF2: 37.092599 | HG2: 13.139693 | HH2: 4057.883 | HI2: 4110.5273 | HJ2: 3593.6772 | HK2: 3980.7488 | HL2: 2395.2194 | HM2: 75.835685 | HN2: 65.097036 | HO2: 51.192286 | HP2: 45.326683 | HQ2: 29.786577 | HR2: 5420.5554 | HS2: 5374.4497 | HT2: 5666.7259 | HU2: 6721.6587 | HV2: 4822.6906 | HW2: 83.464699 | HX2: 69.884642 | HY2: 58.641798 | HZ2: 54.2883 | IA2: 39.885976 | IB2: 4780.8249 | IC2: 4585.6022 | ID2: 4440.479 | IE2: 4656.5675 | IF2: 4286.7475 | IG2: 125.78393 | IH2: 89.699051 | II2: 62.590536 | IJ2: 51.713792 | IK2: 23.330656 | IL2: 5762.6768 | IM2: 4702.2874 | IN2: 4189.8814 | IO2: 3490.2848 | IP2: 3667.5279 | IQ2: 96.500935 | IR2: 76.641622 | IS2: 57.555916 | IT2: 43.386108 | IU2: 24.125384 | IV2: 4334.4468 | IW2: 4533.5119 | IX2: 4450.8595 | IY2: 4010.3426 | IZ2: 3637.7405 | JA2: 102.91174 | JB2: 85.00409 | JC2: 70.124105 | JD2: 62.594103 | JE2: 43.558252 | JF2: 6036.0094 | JG2: 5545.3976 | JH2: 4974.3188 | JI2: 5492.1147 | JJ2: 5462.7318 | JK2: 76.871221 | JL2: 64.930758 | JM2: 53.023546 | JN2: 46.500818 | JO2: 25.464573 | JP2: 5218.7752 | JQ2: 4968.4262 | JR2: 4713.5599 | JS2: 4074.051 | JT2: 4345.601 | JU2: 98.319158 | JV2: 85.152829 | JW2: 70.954124 | JX2: 64.80766 | JY2: 53.052827 | JZ2: 5117.3505 | KA2: 5097.2904 | KB2: 5170.8682 | KC2: 4380.9271 | KD2: 4989.6503 | KE2: 110.7054 | KF2: 87.216936 | KG2: 69.050823 | KH2: 63.396451 | KI2: 44.1219 | KJ2: 5148.0997 | KK2: 4765.8496 | KL2: 4569.9028 | KM2: 4932.723 | KN2: 4622.6937 | KO2: 97.598903 | KP2: 73.631717 | KQ2: 57.977585 | KR2: 52.553304 | KS2: 39.017364 | KT2: 4149.1817 | KU2: 4162.5568 | KV2: 3936.5705 | KW2: 3479.4158 | KX2: 3375.7557 | KY2: 96.489721 | KZ2: 80.336283 | LA2: 65.837661 | LB2: 56.252705 | LC2: 39.420351 | LD2: 4878.9706 | LE2: 4836.6435 | LF2: 4519.3803 | LG2: 4155.0393 | LH2: 3411.7102 | LI2: 84.565886 | LJ2: 67.403739 | LK2: 57.308743 | LL2: 51.40396 | LM2: 25.402187 | LN2: 5289.1233 | LO2: 5157.463 | LP2: 4899.2154 | LQ2: 5508.5065 | LR2: 4296.5736 | LS2: 80.662372 | LT2: 61.777298 | LU2: 44.880732 | LV2: 38.698711 | LW2: 27.54254 | LX2: 4991.5378 | LY2: 4570.4407 | LZ2: 4357.4217 | MA2: 3699.4403 | MB2: 4226.0298 | MC2: 124.3437 | MD2: 105.82001 | ME2: 89.633654 | MF2: 82.024225 | MG2: 57.094568 | MH2: 6433.7971 | MI2: 5886.4974 | MJ2: 5363.2294 | MK2: 4484.5609 | ML2: 4261.8748 | MM2: 123.50937 | MN2: 103.44291 | MO2: 86.915769 | MP2: 80.587444 | MQ2: 61.708695 | MR2: 5169.344 | MS2: 5312.1147 | MT2: 4971.0194 | MU2: 4749.1224 | MV2: 4455.5858 | MW2: 107.4239 | MX2: 81.546745 | MY2: 68.595439 | MZ2: 61.609523 | NA2: 43.484784 | NB2: 4775.3431 | NC2: 4522.7433 | ND2: 4238.4776 | NE2: 3859.2478 | NF2: 3928.7626 | NG2: 94.202982 | NH2: 74.747808 | NI2: 56.464454 | NJ2: 49.368325 | NK2: 31.551781 | NL2: 5503.9684 | NM2: 5237.6763 | NN2: 5170.7079 | NO2: 4898.2656 | NP2: 4135.443 | NQ2: 116.77018 | NR2: 95.585636 | NS2: 72.139762 | NT2: 60.623601 | NU2: 34.56194 | NV2: 4832.6047 | NW2: 4619.4317 | NX2: 4236.2091 | NY2: 4735.2807 | NZ2: 3888.9541 | OA2: 88.012818 | OB2: 70.072942 | OC2: 60.319907 | OD2: 56.231819 | OE2: 40.798555 | OF2: 5817.5529 | OG2: 5581.4953 | OH2: 5368.8139 | OI2: 5155.8321 | OJ2: 4654.5003 | OK2: 112.23033 | OL2: 81.901459 | OM2: 65.317536 | ON2: 58.43101 | OO2: 35.174351 | OP2: 3835.5489 | OQ2: 4119.1274 | OR2: 4038.8822 | OS2: 4175.2786 | OT2: 3663.9089 | OU2: 120.8275 | OV2: 90.615588 | OW2: 69.136637 | OX2: 59.332271 | OY2: 40.710028 | OZ2: 4724.7231 | PA2: 4723.9254 | PB2: 3922.933 | PC2: 3658.3388 | PD2: 3791.3896 | PE2: 82.150631 | PF2: 69.143853 | PG2: 55.460607 | PH2: 45.765231 | PI2: 25.190744 | PJ2: 5743.2097 | PK2: 4994.4016 | PL2: 4702.6389 | PM2: 4832.8836 | PN2: 3551.9687 | PO2: 135.58976 | PP2: 117.95349 | PQ2: 99.077366 | PR2: 89.460199 | PS2: 57.376184 | PT2: 4852.0391 | PU2: 4629.4909 | PV2: 4331.9684 | PW2: 4337.7832 | PX2: 4174.3979 | PY2: 87.548362 | PZ2: 73.545574 | QA2: 58.390268 | QB2: 51.715429 | QC2: 34.672277 | QD2: 5369.6418 | QE2: 4866.2253 | QF2: 4691.6965 | QG2: 4326.0411 | QH2: 4492.7017 | QI2: 102.4276 | QJ2: 83.699234 | QK2: 70.328653 | QL2: 63.713251 | QM2: 44.919088 | QN2: 5049.668 | QO2: 4874.2988 | QP2: 4796.7403 | QQ2: 5350.2153 | QR2: 4058.5406 | QS2: 87.609518 | QT2: 69.971313 | QU2: 60.489704 | QV2: 55.85659 | QW2: 37.009258 | QX2: 4835.8734 | QY2: 4761.8129 | QZ2: 4562.3016 | RA2: 5569.325 | RB2: 4403.7535 | RC2: 91.759855 | RD2: 76.934988 | RE2: 63.831016 | RF2: 58.819319 | RG2: 42.712162 | RH2: 5156.8694 | RI2: 5260.1553 | RJ2: 5475.7851 | RK2: 5796.8226 | RL2: 5080.5399 | RM2: 89.468275 | RN2: 70.500319 | RO2: 56.875473 | RP2: 50.470967 | RQ2: 29.22093 | RR2: 4410.0226 | RS2: 4171.5621 | RT2: 3810.8702 | RU2: 3529.9303 | RV2: 3550.2959
A3: 73.275143 | B3: 55.292766 | C3: 42.895304 | D3: 36.112918 | E3: 24.485642 | F3: 4775.4957 | G3: 4452.5083 | H3: 4056.9834 | I3: 3984.7306 | J3: 3132.6246 | K3: 106.97755 | L3: 81.004484 | M3: 66.859085 | N3: 61.707515 | O3: 44.786224 | P3: 5057.3981 | Q3: 4912.1889 | R3: 4645.8145 | S3: 3686.0856 | T3: 4520.9928 | U3: 78.851967 | V3: 58.624759 | W3: 49.01365 | X3: 44.02692 | Y3: 29.617371 | Z3: 5783.8429 | AA3: 5046.9649 | AB3: 4759.6961 | AC3: 5539.5245 | AD3: 3937.0617 | AE3: 129.70408 | AF3: 105.20127 | AG3: 85.053073 | AH3: 74.42981 | AI3: 48.357763 | AJ3: 5973.5178 | AK3: 5928.373 | AL3: 5625.0138 | AM3: 5710.8862 | AN3: 4827.0702 | AO3: 69.710039 | AP3: 53.328536 | AQ3: 43.499136 | AR3: 39.349577 | AS3: 29.215338 | AT3: 5148.8262 | AU3: 4706.8097 | AV3: 4748.4814 | AW3: 5427.5811 | AX3: 4276.207 | AY3: 91.521445 | AZ3: 73.096377 | BA3: 58.51936 | BB3: 52.534028 | BC3: 38.780813 | BD3: 4323.0419 | BE3: 4506.9123 | BF3: 4580.7689 | BG3: 4923.4361 | BH3: 2755.7235 | BI3: 88.341345 | BJ3: 72.2474 | BK3: 59.296469 | BL3: 53.046643 | BM3: 36.469498 | BN3: 5185.636 | BO3: 5136.8268 | BP3: 4986.7642 | BQ3: 5433.1863 | BR3: 4956.3057 | BS3: 61.3872 | BT3: 50.010497 | BU3: 40.932567 | BV3: 37.70509 | BW3: 30.134417 | BX3: 5745.2919 | BY3: 5519.7362 | BZ3: 4974.6843 | CA3: 5594.5141 | CB3: 4864.7756 | CC3: 91.590808 | CD3: 83.753399 | CE3: 73.592611 | CF3: 64.871369 | CG3: 41.249271 | CH3: 6468.1472 | CI3: 6181.5604 | CJ3: 5992.9974 | CK3: 6217.0096 | CL3: 4888.0489 | CM3: 83.963554 | CN3: 69.641769 | CO3: 59.321 | CP3: 55.487574 | CQ3: 34.312029 | CR3: 6422.9223 | CS3: 6103.8796 | CT3: 5941.9737 | CU3: 5480.8572 | CV3: 5547.0009 | CW3: 102.06961 | CX3: 85.986632 | CY3: 74.708249 | CZ3: 69.455577 | DA3: 54.266905 | DB3: 6401.6428 | DC3: 5737.1382 | DD3: 5729.1177 | DE3: 4831.5455 | DF3: 5111.2781 | DG3: 80.273956 | DH3: 68.918491 | DI3: 56.572956 | DJ3: 51.933479 | DK3: 39.746973 | DL3: 4910.4223 | DM3: 5167.2948 | DN3: 5150.2263 | DO3: 4146.9069 | DP3: 4884.2258 | DQ3: 129.67463 | DR3: 104.86006 | DS3: 89.137793 | DT3: 80.823432 | DU3: 60.838975 | DV3: 5845.894 | DW3: 5616.8855 | DX3: 5344.456 | DY3: 5284.54 | DZ3: 4565.6162 | EA3: 74.214928 | EB3: 64.251893 | EC3: 53.166254 | ED3: 44.610453 | EE3: 32.09422 | EF3: 5423.2778 | EG3: 5087.0498 | EH3: 5048.6551 | EI3: 4362.6275 | EJ3: 5138.0821 | EK3: 95.234894 | EL3: 77.28436 | EM3: 67.178199 | EN3: 60.18602 | EO3: 42.597124 | EP3: 4544.7003 | EQ3: 4541.2047 | ER3: 4276.2861 | ES3: 4892.8417 | ET3: 4103.9965 | EU3: 73.573593 | EV3: 59.585706 | EW3: 49.470405 | EX3: 44.915309 | EY3: 30.965886 | EZ3: 6473.0274 | FA3: 5620.495 | FB3: 4970.5716 | FC3: 4386.193 | FD3: 3768.967 | FE3: 49.689881 | FF3: 43.400674 | FG3: 36.276875 | FH3: 32.893881 | FI3: 26.246394 | FJ3: 5270.5874 | FK3: 4924.9658 | FL3: 4701.3671 | FM3: 4480.3827 | FN3: 4161.0108 | FO3: 56.823924 | FP3: 47.625696 | FQ3: 38.346746 | FR3: 33.822812 | FS3: 22.879715 | FT3: 6608.9894 | FU3: 6085.928 | FV3: 5753.5488 | FW3: 5028.0247 | FX3: 5408.9456 | FY3: 84.461102 | FZ3: 66.858967 | GA3: 55.772535 | GB3: 52.077956 | GC3: 42.048348 | GD3: 5523.1674 | GE3: 5407.5269 | GF3: 5054.1089 | GG3: 5021.8668 | GH3: 4889.4819 | GI3: 78.549295 | GJ3: 71.438123 | GK3: 64.049146 | GL3: 59.160855 | GM3: 43.33938 | GN3: 5231.2789 | GO3: 5076.6541 | GP3: 5137.8634 | GQ3: 4830.1364 | GR3: 4383.6811 | GS3: 93.993639 | GT3: 73.565764 | GU3: 50.280262 | GV3: 39.603818 | GW3: 16.570859 | GX3: 4634.6134 | GY3: 4491.7535 | GZ3: 3958.2377 | HA3: 3716.2024 | HB3: 2619.3043 | HC3: 73.529831 | HD3: 60.535718 | HE3: 51.468527 | HF3: 46.845982 | HG3: 28.706451 | HH3: 5516.518 | HI3: 5551.0425 | HJ3: 5389.4503 | HK3: 7322.4511 | HL3: 4881.7643 | HM3: 93.191165 | HN3: 70.085304 | HO3: 57.381332 | HP3: 52.052555 | HQ3: 39.964365 | HR3: 5026.7686 | HS3: 4890.7931 | HT3: 4520.4884 | HU3: 5494.48 | HV3: 4449.0759 | HW3: 128.7904 | HX3: 104.24746 | HY3: 84.396644 | HZ3: 73.680552 | IA3: 43.386484 | IB3: 5242.2928 | IC3: 4741.882 | ID3: 4479.3332 | IE3: 4924.5325 | IF3: 3864.945 | IG3: 84.609001 | IH3: 70.354064 | II3: 59.20106 | IJ3: 53.875616 | IK3: 39.739353 | IL3: 4801.6431 | IM3: 4649.4923 | IN3: 4455.0794 | IO3: 4106.5863 | IP3: 3918.4107 | IQ3: 85.238833 | IR3: 77.088382 | IS3: 68.491825 | IT3: 64.104638 | IU3: 45.33005 | IV3: 5787.4359 | IW3: 5931.2374 | IX3: 5636.242 | IY3: 5362.9751 | IZ3: 6033.0792 | JA3: 116.4304 | JB3: 93.877763 | JC3: 79.965493 | JD3: 73.885618 | JE3: 52.330893 | JF3: 5617.004 | JG3: 5590.4131 | JH3: 5228.6111 | JI3: 4883.202 | JJ3: 4681.1694 | JK3: 95.040709 | JL3: 80.950943 | JM3: 65.165316 | JN3: 58.966359 | JO3: 46.034585 | JP3: 5343.5696 | JQ3: 5342.9048 | JR3: 4949.3503 | JS3: 4697.2164 | JT3: 4661.9659 | JU3: 70.206713 | JV3: 55.349664 | JW3: 40.923165 | JX3: 34.87939 | JY3: 26.150893 | JZ3: 5123.2683 | KA3: 5262.8096 | KB3: 5236.0851 | KC3: 5058.4386 | KD3: 4702.2525 | KE3: 77.824181 | KF3: 64.652872 | KG3: 52.714164 | KH3: 48.758898 | KI3: 33.585837 | KJ3: 4571.7701 | KK3: 4503.1296 | KL3: 4232.9274 | KM3: 4827.0795 | KN3: 3353.8211 | KO3: 116.78723 | KP3: 97.011644 | KQ3: 84.774723 | KR3: 78.72811 | KS3: 58.752599 | KT3: 5410.2146 | KU3: 4889.191 | KV3: 4312.5092 | KW3: 5224.9445 | KX3: 3951.4685 | KY3: 81.881641 | KZ3: 72.39417 | LA3: 60.606814 | LB3: 54.346275 | LC3: 35.832824 | LD3: 5276.5498 | LE3: 5030.2761 | LF3: 4773.3033 | LG3: 3821.6421 | LH3: 4124.6805 | LI3: 61.27131 | LJ3: 47.921079 | LK3: 38.265031 | LL3: 35.102928 | LM3: 27.53454 | LN3: 5312.6344 | LO3: 4923.0935 | LP3: 4854.6088 | LQ3: 4982.2687 | LR3: 4570.724 | LS3: 50.95131 | LT3: 40.014242 | LU3: 32.546791 | LV3: 29.275107 | LW3: 22.223111 | LX3: 4965.8541 | LY3: 5704.4259 | LZ3: 5881.7745 | MA3: 4910.314 | MB3: 5526.4236 | MC3: 86.837325 | MD3: 76.94198 | ME3: 64.474204 | MF3: 57.879513 | MG3: 36.270936 | MH3: 5282.8101 | MI3: 5689.6671 | MJ3: 5423.9025 | MK3: 5872.8497 | ML3: 4637.9156 | MM3: 91.661007 | MN3: 72.419177 | MO3: 57.609539 | MP3: 51.715349 | MQ3: 36.506137 | MR3: 5379.6062 | MS3: 4762.3786 | MT3: 4632.9737 | MU3: 5012.4751 | MV3: 4294.8704 | MW3: 107.04342 | MX3: 91.464313 | MY3: 76.4478 | MZ3: 69.358336 | NA3: 49.351543 | NB3: 5419.0946 | NC3: 5285.5691 | ND3: 5194.1257 | NE3: 4916.0468 | NF3: 4513.1596 | NG3: 54.496358 | NH3: 44.031307 | NI3: 33.755875 | NJ3: 27.900925 | NK3: 17.670952 | NL3: 5210.7442 | NM3: 4933.5365 | NN3: 4490.1764 | NO3: 5233.4073 | NP3: 3675.2086 | NQ3: 82.283585 | NR3: 66.08572 | NS3: 54.550465 | NT3: 47.847356 | NU3: 34.557317 | NV3: 6255.8527 | NW3: 5786.0816 | NX3: 5607.6334 | NY3: 5682.8339 | NZ3: 5050.0055 | OA3: 63.997531 | OB3: 46.977426 | OC3: 38.478784 | OD3: 34.917136 | OE3: 22.164991 | OF3: 4399.1133 | OG3: 4529.899 | OH3: 4444.6997 | OI3: 4686.4208 | OJ3: 3977.474 | OK3: 101.30381 | OL3: 81.895903 | OM3: 65.664652 | ON3: 58.316716 | OO3: 31.116689 | OP3: 4763.1415 | OQ3: 4769.8901 | OR3: 4405.3895 | OS3: 3939.784 | OT3: 3114.6596 | OU3: 119.78506 | OV3: 100.63497 | OW3: 81.681423 | OX3: 72.286703 | OY3: 51.891641 | OZ3: 5398.9732 | PA3: 5325.204 | PB3: 4843.6529 | PC3: 4078.7155 | PD3: 3716.271 | PE3: 102.22999 | PF3: 87.215193 | PG3: 73.458165 | PH3: 67.230532 | PI3: 50.080016 | PJ3: 5260.8736 | PK3: 5009.0889 | PL3: 4644.8312 | PM3: 4307.817 | PN3: 3488.2434 | PO3: 111.73838 | PP3: 88.431346 | PQ3: 73.48648 | PR3: 65.965927 | PS3: 45.40081 | PT3: 4712.6886 | PU3: 4894.6276 | PV3: 4703.2453 | PW3: 3603.4988 | PX3: 3936.8279 | PY3: 82.034496 | PZ3: 66.669937 | QA3: 58.216578 | QB3: 53.006186 | QC3: 42.146446 | QD3: 5299.5794 | QE3: 5252.1653 | QF3: 5021.9635 | QG3: 4872.652 | QH3: 4971.5548 | QI3: 71.851621 | QJ3: 55.333172 | QK3: 45.450782 | QL3: 41.322719 | QM3: 30.39106 | QN3: 4299.7999 | QO3: 4521.6978 | QP3: 4494.1012 | QQ3: 5172.388 | QR3: 4252.8257 | QS3: 59.481588 | QT3: 47.502828 | QU3: 39.246939 | QV3: 36.532979 | QW3: 27.902831 | QX3: 5732.4985 | QY3: 5439.8612 | QZ3: 5208.1642 | RA3: 3254.6314 | RB3: 5116.4112 | RC3: 56.029836 | RD3: 46.425019 | RE3: 37.389987 | RF3: 32.914011 | RG3: 19.54402 | RH3: 4614.8039 | RI3: 4280.1132 | RJ3: 4313.4952 | RK3: 4656.196 | RL3: 3490.3308 | RM3: 77.978803 | RN3: 67.112571 | RO3: 56.118628 | RP3: 50.819818 | RQ3: 37.307242 | RR3: 4734.7127 | RS3: 4759.288 | RT3: 4659.4899 | RU3: 4437.7599 | RV3: 4423.2481
A4: 63.53522 | B4: 54.631641 | C4: 47.421184 | D4: 42.724178 | E4: 26.366174 | F4: 4680.2371 | G4: 4856.886 | H4: 4710.1645 | I4: 6453.8328 | J4: 4841.8686 | K4: 102.55444 | L4: 83.321384 | M4: 70.735507 | N4: 65.599164 | O4: 52.848324 | P4: 5825.1669 | Q4: 5171.961 | R4: 4903.4415 | S4: 5469.6005 | T4: 4155.5291 | U4: 57.509337 | V4: 38.24525 | W4: 30.274495 | X4: 28.042655 | Y4: 23.005868 | Z4: 7638.8245 | AA4: 5910.657 | AB4: 5781.5883 | AC4: 6170.6048 | AD4: 5533.3423 | AE4: 87.400244 | AF4: 76.067081 | AG4: 65.302678 | AH4: 58.194893 | AI4: 32.158484 | AJ4: 5256.7033 | AK4: 4766.4921 | AL4: 4643.4782 | AM4: 5399.0719 | AN4: 4313.0277 | AO4: 107.63448 | AP4: 87.220683 | AQ4: 71.575908 | AR4: 63.413368 | AS4: 50.412686 | AT4: 4923.946 | AU4: 4827.3394 | AV4: 4525.0458 | AW4: 3774.8299 | AX4: 3635.2272 | AY4: 102.67821 | AZ4: 83.956864 | BA4: 74.018219 | BB4: 68.836888 | BC4: 55.271004 | BD4: 5420.7421 | BE4: 5205.1079 | BF4: 5167.9914 | BG4: 5248.6535 | BH4: 4575.7662 | BI4: 71.061502 | BJ4: 59.59418 | BK4: 47.954493 | BL4: 43.659955 | BM4: 29.926847 | BN4: 5685.6007 | BO4: 5339.6998 | BP4: 5028.5122 | BQ4: 4729.0495 | BR4: 4496.3576 | BS4: 85.587274 | BT4: 70.287964 | BU4: 58.853279 | BV4: 53.993437 | BW4: 45.330958 | BX4: 5846.0267 | BY4: 5775.6148 | BZ4: 6057.8466 | CA4: 7013.0679 | CB4: 5856.3023 | CC4: 83.590045 | CD4: 70.437541 | CE4: 60.500339 | CF4: 54.364277 | CG4: 38.256289 | CH4: 6560.4593 | CI4: 6491.6125 | CJ4: 5990.4396 | CK4: 5588.915 | CL4: 5548.476 | CM4: 76.264236 | CN4: 66.055495 | CO4: 57.393029 | CP4: 52.982653 | CQ4: 42.76463 | CR4: 5987.6547 | CS4: 5742.1253 | CT4: 5931.9897 | CU4: 6133.9875 | CV4: 5551.1001 | CW4: 105.06062 | CX4: 92.957339 | CY4: 81.390109 | CZ4: 75.723888 | DA4: 57.304501 | DB4: 5490.0357 | DC4: 5250.3595 | DD4: 5038.6636 | DE4: 4348.0633 | DF4: 4516.3305 | DG4: 72.127092 | DH4: 60.885596 | DI4: 52.693475 | DJ4: 48.694038 | DK4: 38.752336 | DL4: 5582.9055 | DM4: 5410.5503 | DN4: 5462.3742 | DO4: 6457.4607 | DP4: 5222.7551 | DQ4: 68.288231 | DR4: 56.533497 | DS4: 49.617588 | DT4: 46.435966 | DU4: 35.613834 | DV4: 5582.2925 | DW4: 5731.6425 | DX4: 5221.8349 | DY4: 4304.6823 | DZ4: 4653.4135 | EA4: 64.826714 | EB4: 51.806445 | EC4: 44.829347 | ED4: 41.882462 | EE4: 29.411299 | EF4: 5043.0104 | EG4: 4730.7787 | EH4: 4378.8521 | EI4: 4159.3268 | EJ4: 3810.6108 | EK4: 66.647225 | EL4: 57.824058 | EM4: 48.81951 | EN4: 44.620157 | EO4: 34.58738 | EP4: 6324.4356 | EQ4: 5707.4498 | ER4: 5174.9818 | ES4: 4760.8312 | ET4: 3772.0789 | EU4: 81.166485 | EV4: 69.59539 | EW4: 59.981867 | EX4: 54.551085 | EY4: 42.792074 | EZ4: 5009.1123 | FA4: 4963.0987 | FB4: 4740.5925 | FC4: 5188.5683 | FD4: 4577.1285 | FE4: 77.517451 | FF4: 64.558173 | FG4: 51.943697 | FH4: 46.608973 | FI4: 36.846858 | FJ4: 6639.8579 | FK4: 6036.7654 | FL4: 5650.9409 | FM4: 5794.5207 | FN4: 5342.2384 | FO4: 89.495158 | FP4: 74.543811 | FQ4: 62.699386 | FR4: 58.013307 | FS4: 46.496923 | FT4: 5995.5267 | FU4: 5652.9784 | FV4: 5231.628 | FW4: 6073.853 | FX4: 4970.9133 | FY4: 111.19552 | FZ4: 95.902041 | GA4: 84.019162 | GB4: 78.103438 | GC4: 58.424859 | GD4: 5606.0904 | GE4: 5755.2776 | GF4: 5517.3751 | GG4: 4447.1517 | GH4: 4504.4646 | GI4: 45.375839 | GJ4: 38.198082 | GK4: 29.229658 | GL4: 24.294363 | GM4: 10.836278 | GN4: 4677.7135 | GO4: 4284.0567 | GP4: 3846.2204 | GQ4: 3308.4081 | GR4: 3118.2199 | GS4: 80.493009 | GT4: 67.538165 | GU4: 58.480613 | GV4: 54.080606 | GW4: 29.375453 | GX4: 6009.6293 | GY4: 5813.7749 | GZ4: 5189.7903 | HA4: 5518.522 | HB4: 5382.8647 | HC4: 79.799853 | HD4: 66.993115 | HE4: 54.765851 | HF4: 47.378782 | HG4: 34.568709 | HH4: 5219.8134 | HI4: 5024.8285 | HJ4: 4624.5406 | HK4: 3372.2281 | HL4: 4435.5356 | HM4: 64.698012 | HN4: 55.773667 | HO4: 47.698531 | HP4: 43.347522 | HQ4: 32.244234 | HR4: 5060.2188 | HS4: 4726.0016 | HT4: 4615.0207 | HU4: 5674.5162 | HV4: 4174.3097 | HW4: 56.431543 | HX4: 45.798754 | HY4: 33.578722 | HZ4: 27.19924 | IA4: 10.345949 | IB4: 4846.9917 | IC4: 4711.2084 | ID4: 4302.4955 | IE4: 4241.7365 | IF4: 4461.9973 | IG4: 120.85246 | IH4: 102.21065 | II4: 86.846358 | IJ4: 79.633845 | IK4: 44.358013 | IL4: 5578.6889 | IM4: 5617.6755 | IN4: 5822.6563 | IO4: 4792.039 | IP4: 6190.8882 | IQ4: 131.63798 | IR4: 115.56126 | IS4: 99.957295 | IT4: 92.611882 | IU4: 72.069718 | IV4: 5830.9278 | IW4: 5482.643 | IX4: 5324.6887 | IY4: 4725.8391 | IZ4: 4980.1589 | JA4: 87.859191 | JB4: 73.112112 | JC4: 60.944944 | JD4: 55.03868 | JE4: 34.253913 | JF4: 5500.5606 | JG4: 5403.41 | JH4: 5260.1883 | JI4: 5550.3037 | JJ4: 4116.9858 | JK4: 86.978656 | JL4: 73.804219 | JM4: 61.969929 | JN4: 56.037688 | JO4: 41.029881 | JP4: 5298.9509 | JQ4: 5301.3204 | JR4: 5220.43 | JS4: 5399.8148 | JT4: 4614.742 | JU4: 86.483781 | JV4: 72.005982 | JW4: 58.789077 | JX4: 53.454955 | JY4: 34.751898 | JZ4: 4469.7305 | KA4: 3962.009 | KB4: 4312.5407 | KC4: 4253.5771 | KD4: 3643.6187 | KE4: 123.46418 | KF4: 103.89432 | KG4: 87.732073 | KH4: 78.829266 | KI4: 55.70129 | KJ4: 4725.565 | KK4: 4819.2748 | KL4: 4539.168 | KM4: 2106.3727 | KN4: 4900.4829 | KO4: 92.640717 | KP4: 76.951446 | KQ4: 66.347662 | KR4: 58.644417 | KS4: 41.247833 | KT4: 5174.3249 | KU4: 4968.0942 | KV4: 4636.1681 | KW4: 3689.8699 | KX4: 4980.2757 | KY4: 97.005609 | KZ4: 80.016448 | LA4: 67.756308 | LB4: 62.214244 | LC4: 40.04521 | LD4: 5484.6273 | LE4: 5067.3913 | LF4: 4902.076 | LG4: 4521.5484 | LH4: 4879.2386 | LI4: 53.570406 | LJ4: 45.751201 | LK4: 38.418208 | LL4: 35.041487 | LM4: 27.080792 | LN4: 5818.5024 | LO4: 5678.6867 | LP4: 6087.5253 | LQ4: 5629.0854 | LR4: 5729.0464 | LS4: 92.854803 | LT4: 78.898643 | LU4: 67.845185 | LV4: 61.014183 | LW4: 40.873276 | LX4: 5982.3599 | LY4: 5623.7907 | LZ4: 5263.9316 | MA4: 5733.0309 | MB4: 4824.1519 | MC4: 73.379339 | MD4: 63.054846 | ME4: 51.958974 | MF4: 46.211602 | MG4: 32.116052 | MH4: 5250.6129 | MI4: 5221.9366 | MJ4: 4695.3575 | MK4: 4355.3209 | ML4: 4180.6535 | MM4: 75.49203 | MN4: 61.764666 | MO4: 52.749799 | MP4: 49.012457 | MQ4: 36.906527 | MR4: 5390.0128 | MS4: 5243.2365 | MT4: 5145.9863 | MU4: 4762.3993 | MV4: 4186.0146 | MW4: 48.981723 | MX4: 39.219437 | MY4: 31.236318 | MZ4: 28.548204 | NA4: 22.044794 | NB4: 4608.5151 | NC4: 4684.6954 | ND4: 4634.252 | NE4: 4842.7446 | NF4: 4099.1184 | NG4: 82.199251 | NH4: 71.826521 | NI4: 62.036942 | NJ4: 56.188364 | NK4: 42.063899 | NL4: 5698.17 | NM4: 5522.2105 | NN4: 5874.7629 | NO4: 5862.2955 | NP4: 4926.9764 | NQ4: 78.076123 | NR4: 64.828464 | NS4: 54.287281 | NT4: 48.834319 | NU4: 30.891422 | NV4: 4642.3148 | NW4: 4761.3173 | NX4: 4679.4213 | NY4: 3549.1088 | NZ4: 3757.6797 | OA4: 120.21309 | OB4: 104.63434 | OC4: 86.515948 | OD4: 78.282024 | OE4: 47.44011 | OF4: 4940.6254 | OG4: 4618.625 | OH4: 4344.8822 | OI4: 3502.9245 | OJ4: 3938.9846 | OK4: 98.921473 | OL4: 82.100159 | OM4: 68.240583 | ON4: 60.420907 | OO4: 40.761061 | OP4: 5153.975 | OQ4: 4867.8057 | OR4: 4788.9936 | OS4: 4777.5818 | OT4: 4277.2047 | OU4: 103.19487 | OV4: 84.25551 | OW4: 67.199446 | OX4: 61.016464 | OY4: 43.712955 | OZ4: 5162.4004 | PA4: 5007.7164 | PB4: 4858.5553 | PC4: 5100.2009 | PD4: 3741.4226 | PE4: 69.638132 | PF4: 59.320343 | PG4: 49.643192 | PH4: 44.269955 | PI4: 34.690647 | PJ4: 5198.827 | PK4: 5321.8434 | PL4: 4937.514 | PM4: 6282.6178 | PN4: 4495.502 | PO4: 60.724917 | PP4: 52.489846 | PQ4: 46.375322 | PR4: 43.845492 | PS4: 36.121442 | PT4: 5316.6396 | PU4: 5317.7828 | PV4: 5271.3006 | PW4: 5411.8445 | PX4: 5155.2989 | PY4: 115.22219 | PZ4: 97.050612 | QA4: 79.768081 | QB4: 67.747639 | QC4: 51.639891 | QD4: 5092.9382 | QE4: 4645.7319 | QF4: 4771.5933 | QG4: 5749.4721 | QH4: 4439.0098 | QI4: 103.76871 | QJ4: 89.266881 | QK4: 75.151639 | QL4: 68.281026 | QM4: 48.061637 | QN4: 6294.4303 | QO4: 5711.9771 | QP4: 5319.4822 | QQ4: 4748.2818 | QR4: 4307.7429 | QS4: 66.284727 | QT4: 57.362879 | QU4: 45.638153 | QV4: 38.794391 | QW4: 25.046367 | QX4: 4559.2396 | QY4: 4379.5711 | QZ4: 4280.7992 | RA4: 3891.0944 | RB4: 3897.5216 | RC4: 70.096906 | RD4: 59.672441 | RE4: 53.117066 | RF4: 50.223767 | RG4: 37.277466 | RH4: 4893.9325 | RI4: 4931.0872 | RJ4: 4870.4891 | RK4: 4907.6051 | RL4: 4497.2372 | RM4: 75.874686 | RN4: 64.948754 | RO4: 53.774158 | RP4: 47.218048 | RQ4: 27.652715 | RR4: 4380.1951 | RS4: 4266.5487 | RT4: 4355.9378 | RU4: 3564.5431 | RV4: 3193.0712
A5: 100.59679 | B5: 84.738082 | C5: 71.247704 | D5: 65.773836 | E5: 50.852304 | F5: 5624.6401 | G5: 5384.783 | H5: 4981.2507 | I5: 3906.2133 | J5: 4766.4035 | K5: 81.407129 | L5: 69.94282 | M5: 60.59589 | N5: 55.94667 | O5: 42.012603 | P5: 6091.8439 | Q5: 6080.1066 | R5: 6026.7855 | S5: 5887.9716 | T5: 6011.8189 | U5: 70.41331 | V5: 58.660205 | W5: 49.061416 | X5: 44.471371 | Y5: 31.865923 | Z5: 5304.9996 | AA5: 5272.222 | AB5: 5291.451 | AC5: 5193.0611 | AD5: 5214.4448 | AE5: 75.743242 | AF5: 60.127479 | AG5: 49.718794 | AH5: 43.775463 | AI5: 28.705963 | AJ5: 4649.8999 | AK5: 4902.7201 | AL5: 4205.5756 | AM5: 2931.1685 | AN5: 3829.919 | AO5: 73.699048 | AP5: 62.404605 | AQ5: 53.329178 | AR5: 49.612564 | AS5: 40.156744 | AT5: 5381.4397 | AU5: 5149.3184 | AV5: 4945.4135 | AW5: 4326.4588 | AX5: 5103.2807 | AY5: 84.340112 | AZ5: 71.442574 | BA5: 59.169267 | BB5: 52.879582 | BC5: 35.818549 | BD5: 5084.423 | BE5: 5318.5147 | BF5: 5311.8691 | BG5: 5506.3865 | BH5: 4971.4937 | BI5: 85.681438 | BJ5: 75.047209 | BK5: 65.010684 | BL5: 56.572639 | BM5: 38.354041 | BN5: 6268.6876 | BO5: 6324.066 | BP5: 5947.7974 | BQ5: 5379.0376 | BR5: 5363.5588 | BS5: 94.993289 | BT5: 80.879114 | BU5: 66.322664 | BV5: 59.277031 | BW5: 41.543462 | BX5: 6189.7272 | BY5: 6242.0289 | BZ5: 5998.5073 | CA5: 5433.7701 | CB5: 6195.217 | CC5: 88.907457 | CD5: 77.043199 | CE5: 66.466537 | CF5: 61.096959 | CG5: 46.587409 | CH5: 6522.2554 | CI5: 6544.1477 | CJ5: 6423.1798 | CK5: 5410.4564 | CL5: 5482.3601 | CM5: 93.981633 | CN5: 83.300996 | CO5: 75.822473 | CP5: 71.788214 | CQ5: 56.844888 | CR5: 5287.061 | CS5: 5160.0285 | CT5: 5062.1528 | CU5: 4831.3275 | CV5: 5100.0999 | CW5: 88.749952 | CX5: 76.316725 | CY5: 64.727339 | CZ5: 59.257943 | DA5: 39.363449 | DB5: 6025.7653 | DC5: 5947.6689 | DD5: 5548.2845 | DE5: 5189.0533 | DF5: 5002.2794 | DG5: 58.068563 | DH5: 51.42659 | DI5: 43.893399 | DJ5: 39.973147 | DK5: 27.219049 | DL5: 5407.8762 | DM5: 5665.114 | DN5: 5419.9676 | DO5: 5834.9289 | DP5: 5223.0886 | DQ5: 82.909418 | DR5: 68.77073 | DS5: 51.957893 | DT5: 44.817587 | DU5: 36.546027 | DV5: 4807.9078 | DW5: 4692.2984 | DX5: 4552.0398 | DY5: 3868.2283 | DZ5: 4267.6308 | EA5: 82.190637 | EB5: 74.000591 | EC5: 64.8314 | ED5: 59.795929 | EE5: 45.048272 | EF5: 5254.1633 | EG5: 4854.3029 | EH5: 4948.4367 | EI5: 3480.3664 | EJ5: 4788.6477 | EK5: 77.061614 | EL5: 65.916886 | EM5: 56.716928 | EN5: 51.095396 | EO5: 40.780766 | EP5: 5306.6531 | EQ5: 5192.6365 | ER5: 4994.6627 | ES5: 5325.1374 | ET5: 4922.3162 | EU5: 108.31947 | EV5: 88.060249 | EW5: 74.906542 | EX5: 67.144513 | EY5: 46.124821 | EZ5: 5972.4969 | FA5: 5782.3542 | FB5: 5792.9682 | FC5: 6118.299 | FD5: 5407.6619 | FE5: 74.641218 | FF5: 64.458507 | FG5: 57.4685 | FH5: 53.708712 | FI5: 42.933192 | FJ5: 5710.5688 | FK5: 5589.1466 | FL5: 5515.0448 | FM5: 4051.3908 | FN5: 5555.622 | FO5: 71.333447 | FP5: 60.965665 | FQ5: 52.464135 | FR5: 48.632395 | FS5: 39.531753 | FT5: 5481.4172 | FU5: 5417.9202 | FV5: 5112.2101 | FW5: 4688.4924 | FX5: 5047.4526 | FY5: 67.084575 | FZ5: 54.422236 | GA5: 37.333943 | GB5: 28.704185 | GC5: 14.686426 | GD5: 4598.941 | GE5: 4538.4748 | GF5: 3899.198 | GG5: 4549.8031 | GH5: 3347.5711 | GI5: 60.56527 | GJ5: 50.128198 | GK5: 42.012788 | GL5: 38.412261 | GM5: 27.629147 | GN5: 5788.5314 | GO5: 5712.6356 | GP5: 5287.5228 | GQ5: 5001.533 | GR5: 4370.6844 | GS5: 79.949922 | GT5: 57.597816 | GU5: 46.910437 | GV5: 42.078625 | GW5: 32.383178 | GX5: 4700.1852 | GY5: 5043.5957 | GZ5: 4867.3622 | HA5: 5005.5182 | HB5: 4544.307 | HC5: 73.780263 | HD5: 61.726529 | HE5: 47.24052 | HF5: 42.167653 | HG5: 31.210658 | HH5: 5057.7849 | HI5: 4928.8666 | HJ5: 4239.5193 | HK5: 3191.2554 | HL5: 4084.5485 | HM5: 56.262592 | HN5: 48.473634 | HO5: 39.795908 | HP5: 33.850493 | HQ5: 16.782211 | HR5: 4801.4534 | HS5: 4544.8669 | HT5: 4445.6582 | HU5: 3687.1155 | HV5: 4443.7751 | HW5: 87.29553 | HX5: 73.224391 | HY5: 63.954468 | HZ5: 58.497777 | IA5: 38.289103 | IB5: 6008.264 | IC5: 5847.0112 | ID5: 5741.0553 | IE5: 6622.2165 | IF5: 5660.5281 | IG5: 97.012648 | IH5: 79.621972 | II5: 69.656646 | IJ5: 64.527787 | IK5: 49.68572 | IL5: 5276.9565 | IM5: 5491.7177 | IN5: 5128.9297 | IO5: 5317.0045 | IP5: 5298.2503 | IQ5: 126.85899 | IR5: 107.15735 | IS5: 93.326396 | IT5: 86.148395 | IU5: 59.944109 | IV5: 5276.6555 | IW5: 5435.4991 | IX5: 5411.8343 | IY5: 6377.8492 | IZ5: 5110.4102 | JA5: 76.291633 | JB5: 64.598998 | JC5: 55.49631 | JD5: 50.504361 | JE5: 40.537969 | JF5: 5643.0045 | JG5: 5299.6014 | JH5: 5128.9736 | JI5: 4531.1079 | JJ5: 4953.3086 | JK5: 51.16181 | JL5: 42.017538 | JM5: 35.037101 | JN5: 32.184664 | JO5: 22.729082 | JP5: 4635.9274 | JQ5: 4713.4656 | JR5: 4399.8048 | JS5: 5268.2253 | JT5: 3898.7478 | JU5: 105.92224 | JV5: 92.518167 | JW5: 79.975637 | JX5: 72.293816 | JY5: 50.449545 | JZ5: 5030.8141 | KA5: 5168.9443 | KB5: 4811.0171 | KC5: 4333.1085 | KD5: 3615.6302 | KE5: 89.881015 | KF5: 79.928522 | KG5: 70.466143 | KH5: 65.470926 | KI5: 44.421336 | KJ5: 5239.0325 | KK5: 4914.2531 | KL5: 4618.6385 | KM5: 3901.2153 | KN5: 4708.5239 | KO5: 86.469441 | KP5: 70.5211 | KQ5: 55.422898 | KR5: 48.5999 | KS5: 35.06414 | KT5: 5198.2157 | KU5: 4989.091 | KV5: 5146.3767 | KW5: 5411.9463 | KX5: 4354.3979 | KY5: 77.706217 | KZ5: 59.056242 | LA5: 46.976722 | LB5: 42.43532 | LC5: 31.243344 | LD5: 6593.5201 | LE5: 6301.3635 | LF5: 5446.884 | LG5: 5244.0861 | LH5: 5382.6098 | LI5: 105.64481 | LJ5: 84.059382 | LK5: 72.297985 | LL5: 66.217384 | LM5: 54.554736 | LN5: 5937.3043 | LO5: 5397.1127 | LP5: 5333.3087 | LQ5: 5203.0038 | LR5: 5052.969 | LS5: 71.930265 | LT5: 60.434325 | LU5: 51.240171 | LV5: 47.349029 | LW5: 30.850684 | LX5: 4918.4888 | LY5: 4962.8834 | LZ5: 4634.5768 | MA5: 4071.9475 | MB5: 4478.331 | MC5: 79.192407 | MD5: 69.321496 | ME5: 59.060334 | MF5: 53.024589 | MG5: 36.334699 | MH5: 5533.1147 | MI5: 5364.3569 | MJ5: 5303.1626 | MK5: 4509.4605 | ML5: 4695.8235 | MM5: 74.873745 | MN5: 58.743129 | MO5: 49.350085 | MP5: 44.354682 | MQ5: 33.337783 | MR5: 4995.6633 | MS5: 4477.7734 | MT5: 4665.0641 | MU5: 4108.7545 | MV5: 4452.6812 | MW5: 134.59758 | MX5: 113.16553 | MY5: 95.84602 | MZ5: 84.300866 | NA5: 54.898817 | NB5: 6022.7599 | NC5: 5951.336 | ND5: 5885.7318 | NE5: 3807.7006 | NF5: 4885.1013 | NG5: 72.588013 | NH5: 58.810908 | NI5: 46.699794 | NJ5: 41.507403 | NK5: 30.810171 | NL5: 5295.8423 | NM5: 4685.8393 | NN5: 4205.702 | NO5: 4222.3987 | NP5: 3629.195 | NQ5: 74.154701 | NR5: 62.884 | NS5: 53.469062 | NT5: 47.999933 | NU5: 36.767424 | NV5: 5030.9453 | NW5: 5020.9009 | NX5: 4750.5457 | NY5: 3936.9968 | NZ5: 4049.099 | OA5: 59.636731 | OB5: 47.486477 | OC5: 39.080702 | OD5: 35.96909 | OE5: 29.884363 | OF5: 5675.0025 | OG5: 5163.3934 | OH5: 4854.8965 | OI5: 5442.6127 | OJ5: 4445.1656 | OK5: 79.175611 | OL5: 57.322364 | OM5: 46.048808 | ON5: 42.03949 | OO5: 32.544669 | OP5: 5468.031 | OQ5: 4756.2042 | OR5: 4621.0295 | OS5: 5694.5792 | OT5: 3964.9121 | OU5: 81.023431 | OV5: 69.573923 | OW5: 59.773807 | OX5: 53.717065 | OY5: 40.460098 | OZ5: 5454.8563 | PA5: 5187.364 | PB5: 5218.7935 | PC5: 5513.4044 | PD5: 4672.6056 | PE5: 99.527682 | PF5: 85.907555 | PG5: 71.226799 | PH5: 63.868818 | PI5: 51.797636 | PJ5: 5490.2259 | PK5: 5308.6297 | PL5: 5003.3725 | PM5: 5833.1737 | PN5: 4741.1403 | PO5: 62.757087 | PP5: 52.844412 | PQ5: 44.327252 | PR5: 40.493358 | PS5: 28.806687 | PT5: 4787.2753 | PU5: 4734.627 | PV5: 4370.7831 | PW5: 3269.5435 | PX5: 4337.4331 | PY5: 69.241813 | PZ5: 59.408189 | QA5: 51.793742 | QB5: 48.371582 | QC5: 36.148847 | QD5: 5155.1004 | QE5: 5508.7993 | QF5: 5412.264 | QG5: 5040.0286 | QH5: 5238.4915 | QI5: 81.585665 | QJ5: 67.428001 | QK5: 54.129498 | QL5: 48.05611 | QM5: 29.772231 | QN5: 4420.934 | QO5: 4433.5041 | QP5: 4554.1493 | QQ5: 4076.7588 | QR5: 3872.1528 | QS5: 61.541728 | QT5: 53.018766 | QU5: 47.026051 | QV5: 44.324461 | QW5: 33.428378 | QX5: 5376.2633 | QY5: 5119.3428 | QZ5: 5059.8079 | RA5: 4381.5952 | RB5: 4896.9634 | RC5: 50.305036 | RD5: 40.736348 | RE5: 32.842406 | RF5: 29.414834 | RG5: 19.572603 | RH5: 4559.4634 | RI5: 4504.1972 | RJ5: 4217.1408 | RK5: 4662.0704 | RL5: 3203.3468 | RM5: 73.658607 | RN5: 62.773845 | RO5: 54.171318 | RP5: 49.629638 | RQ5: 39.145098 | RR5: 5378.7769 | RS5: 5210.9536 | RT5: 5007.6286 | RU5: 4317.9843 | RV5: 5041.7959
A6: 73.804846 | B6: 49.927137 | C6: 35.546841 | D6: 28.230047 | E6: 3.6135875 | F6: 5574.962 | G6: 4996.5213 | H6: 4259.5515 | I6: 2429.5966 | J6: 2479.997 | K6: 118.1306 | L6: 88.994543 | M6: 67.568987 | N6: 58.383376 | O6: 37.873953 | P6: 5787.4171 | Q6: 5286.1492 | R6: 5024.5022 | S6: 4919.9945 | T6: 4448.6293 | U6: 57.918549 | V6: 48.756489 | W6: 40.768336 | X6: 37.345936 | Y6: 26.542759 | Z6: 4754.6036 | AA6: 4607.9382 | AB6: 4214.1063 | AC6: 4719.2794 | AD6: 3417.1489 | AE6: 108.78085 | AF6: 92.823102 | AG6: 77.744939 | AH6: 71.093893 | AI6: 48.859572 | AJ6: 5237.3251 | AK6: 5399.7816 | AL6: 5249.6364 | AM6: 4846.2338 | AN6: 4708.2135 | AO6: 88.236771 | AP6: 68.325104 | AQ6: 54.219376 | AR6: 48.874121 | AS6: 29.938306 | AT6: 5177.5145 | AU6: 5272.5642 | AV6: 4906.3231 | AW6: 3998.7834 | AX6: 4728.6602 | AY6: 79.657332 | AZ6: 69.685222 | BA6: 59.487326 | BB6: 54.789106 | BC6: 40.879985 | BD6: 6162.5012 | BE6: 6183.4642 | BF6: 6071.8871 | BG6: 6159.3571 | BH6: 6388.1129 | BI6: 82.486964 | BJ6: 66.190428 | BK6: 53.258538 | BL6: 47.945174 | BM6: 31.646487 | BN6: 5619.0245 | BO6: 5612.0371 | BP6: 5358.2629 | BQ6: 5866.2242 | BR6: 4552.8539 | BS6: 79.280191 | BT6: 67.854816 | BU6: 56.185395 | BV6: 49.829537 | BW6: 33.840242 | BX6: 4207.6531 | BY6: 4068.3742 | BZ6: 3668.197 | CA6: 4606.9432 | CB6: 3262.9696 | CC6: 109.14624 | CD6: 83.008275 | CE6: 64.722695 | CF6: 58.044948 | CG6: 42.791508 | CH6: 5757.2594 | CI6: 5262.9858 | CJ6: 5278.3725 | CK6: 6749.085 | CL6: 4826.8613 | CM6: 79.212357 | CN6: 65.025471 | CO6: 55.101143 | CP6: 49.896784 | CQ6: 36.470088 | CR6: 4695.2832 | CS6: 4645.6467 | CT6: 4237.4611 | CU6: 4452.4353 | CV6: 3709.9917 | CW6: 83.3173 | CX6: 65.932571 | CY6: 52.119703 | CZ6: 46.831195 | DA6: 32.955999 | DB6: 4830.6049 | DC6: 4650.6343 | DD6: 4346.7202 | DE6: 2850.375 | DF6: 4429.9466 | DG6: 87.511515 | DH6: 73.709271 | DI6: 60.258314 | DJ6: 53.412319 | DK6: 39.037612 | DL6: 5695.8929 | DM6: 5610.0571 | DN6: 5589.6584 | DO6: 5483.4985 | DP6: 5243.792 | DQ6: 76.551895 | DR6: 66.513715 | DS6: 55.799 | DT6: 49.740075 | DU6: 37.352068 | DV6: 4706.2366 | DW6: 4791.4561 | DX6: 4689.1819 | DY6: 5661.3387 | DZ6: 4491.889 | EA6: 77.824865 | EB6: 67.807991 | EC6: 56.90303 | ED6: 52.125369 | EE6: 39.853643 | EF6: 4858.8996 | EG6: 4629.5983 | EH6: 4461.6375 | EI6: 4884.6285 | EJ6: 4388.861 | EK6: 81.288644 | EL6: 69.680366 | EM6: 59.660459 | EN6: 53.951352 | EO6: 37.703961 | EP6: 5648.9139 | EQ6: 5712.728 | ER6: 5413.616 | ES6: 5815.2828 | ET6: 5079.8448 | EU6: 89.669302 | EV6: 71.571368 | EW6: 58.271081 | EX6: 53.634384 | EY6: 43.751648 | EZ6: 5419.0527 | FA6: 5222.3811 | FB6: 5131.3047 | FC6: 4569.7553 | FD6: 4598.879 | FE6: 89.840486 | FF6: 73.70001 | FG6: 61.668765 | FH6: 54.069025 | FI6: 40.224664 | FJ6: 4924.7737 | FK6: 4648.2591 | FL6: 4482.2578 | FM6: 4951.5238 | FN6: 4176.9233 | FO6: 88.46167 | FP6: 76.341347 | FQ6: 62.914107 | FR6: 56.122189 | FS6: 40.168028 | FT6: 5707.755 | FU6: 5260.9181 | FV6: 4882.0124 | FW6: 5846.4362 | FX6: 3948.6041 | FY6: 74.620194 | FZ6: 62.023859 | GA6: 49.53786 | GB6: 44.497853 | GC6: 34.417797 | GD6: 4034.5844 | GE6: 4046.5993 | GF6: 4335.5696 | GG6: 4927.1964 | GH6: 4211.4141 | GI6: 83.981017 | GJ6: 69.51797 | GK6: 59.466563 | GL6: 54.827604 | GM6: 40.613397 | GN6: 6122.4663 | GO6: 5762.98 | GP6: 5680.032 | GQ6: 4376.1969 | GR6: 5416.9322 | GS6: 79.145367 | GT6: 66.68174 | GU6: 57.396184 | GV6: 52.016578 | GW6: 34.51023 | GX6: 4811.013 | GY6: 4676.7982 | GZ6: 4592.9869 | HA6: 4894.7816 | HB6: 4509.0836 | HC6: 75.509595 | HD6: 57.232843 | HE6: 46.512117 | HF6: 39.609956 | HG6: 26.924965 | HH6: 5782.1382 | HI6: 4880.9736 | HJ6: 4693.0835 | HK6: 5278.4974 | HL6: 4332.7782 | HM6: 91.014755 | HN6: 71.449661 | HO6: 53.742047 | HP6: 47.861217 | HQ6: 27.369812 | HR6: 5058.5828 | HS6: 4524.2759 | HT6: 4485.0453 | HU6: 2856.4676 | HV6: 2796.3797 | HW6: 85.618225 | HX6: 69.891148 | HY6: 52.861584 | HZ6: 41.872651 | IA6: 28.386734 | IB6: 4738.7239 | IC6: 4847.4217 | ID6: 4269.763 | IE6: 3618.6368 | IF6: 3737.2854 | IG6: 85.571177 | IH6: 66.260635 | II6: 55.338448 | IJ6: 51.376706 | IK6: 37.946732 | IL6: 5563.044 | IM6: 4904.7575 | IN6: 4694.8795 | IO6: 3991.5784 | IP6: 4014.4946 | IQ6: 118.6855 | IR6: 78.630963 | IS6: 59.939488 | IT6: 53.55712 | IU6: 27.499576 | IV6: 4656.9925 | IW6: 4582.3331 | IX6: 4169.3297 | IY6: 4063.4947 | IZ6: 3652.2682 | JA6: 102.64655 | JB6: 84.47274 | JC6: 61.679517 | JD6: 53.036459 | JE6: 30.55426 | JF6: 5308.1649 | JG6: 5091.2285 | JH6: 4665.9281 | JI6: 4057.3224 | JJ6: 4267.4683 | JK6: 120.49898 | JL6: 102.10348 | JM6: 89.121249 | JN6: 82.1839 | JO6: 63.210109 | JP6: 5176.0973 | JQ6: 5245.8492 | JR6: 5138.9143 | JS6: 4394.4612 | JT6: 4968.0059 | JU6: 89.847274 | JV6: 71.643736 | JW6: 59.305015 | JX6: 53.64232 | JY6: 39.019742 | JZ6: 4833.4246 | KA6: 4713.5098 | KB6: 4479.8413 | KC6: 4902.6222 | KD6: 4348.9358 | KE6: 82.015782 | KF6: 70.527962 | KG6: 59.899302 | KH6: 53.652264 | KI6: 37.961424 | KJ6: 4716.279 | KK6: 4714.842 | KL6: 4461.4639 | KM6: 4051.9589 | KN6: 4016.3643 | KO6: 99.676118 | KP6: 79.124188 | KQ6: 66.57146 | KR6: 60.846332 | KS6: 47.912518 | KT6: 4510.6533 | KU6: 4844.3145 | KV6: 4820.8606 | KW6: 5302.0747 | KX6: 4699.0569 | KY6: 99.666945 | KZ6: 76.695325 | LA6: 55.573434 | LB6: 47.480004 | LC6: 31.847075 | LD6: 3379.2903 | LE6: 3812.2201 | LF6: 4375.233 | LG6: 3017.3867 | LH6: 5059.1568 | LI6: 74.53766 | LJ6: 60.762757 | LK6: 42.94289 | LL6: 36.65762 | LM6: 23.411703 | LN6: 4050.3437 | LO6: 3867.9679 | LP6: 3836.1364 | LQ6: 4177.039 | LR6: 3838.8179 | LS6: 90.059244 | LT6: 67.707749 | LU6: 50.848742 | LV6: 44.558574 | LW6: 30.87551 | LX6: 4715.4493 | LY6: 4657.3072 | LZ6: 4511.6066 | MA6: 6127.5802 | MB6: 4609.9234 | MC6: 95.473616 | MD6: 72.42625 | ME6: 56.672414 | MF6: 49.630902 | MG6: 34.070038 | MH6: 5560.9841 | MI6: 5575.8032 | MJ6: 5119.7669 | MK6: 4355.7211 | ML6: 4467.1268 | MM6: 69.106648 | MN6: 52.443654 | MO6: 42.30373 | MP6: 38.318719 | MQ6: 24.890878 | MR6: 5318.3075 | MS6: 5298.1582 | MT6: 5255.4349 | MU6: 5275.6394 | MV6: 4747.4166 | MW6: 93.085394 | MX6: 80.779203 | MY6: 69.417339 | MZ6: 64.073528 | NA6: 45.244882 | NB6: 4551.0398 | NC6: 4657.3224 | ND6: 4447.3076 | NE6: 4319.5197 | NF6: 4053.3432 | NG6: 79.246079 | NH6: 62.93833 | NI6: 48.914427 | NJ6: 43.111947 | NK6: 26.516472 | NL6: 4939.1568 | NM6: 4804.1607 | NN6: 4341.0702 | NO6: 4110.4269 | NP6: 3711.944 | NQ6: 81.966479 | NR6: 61.686139 | NS6: 51.115706 | NT6: 45.001867 | NU6: 29.594228 | NV6: 4749.2831 | NW6: 5033.6706 | NX6: 4603.2457 | NY6: 3610.5568 | NZ6: 4094.3131 | OA6: 86.90423 | OB6: 73.089337 | OC6: 61.385229 | OD6: 55.759405 | OE6: 36.088803 | OF6: 5302.3638 | OG6: 5384.5906 | OH6: 5104.3347 | OI6: 5119.0262 | OJ6: 4442.9599 | OK6: 101.09959 | OL6: 86.034998 | OM6: 71.254373 | ON6: 63.203032 | OO6: 46.780528 | OP6: 5406.3647 | OQ6: 5043.3033 | OR6: 4901.2051 | OS6: 4805.8958 | OT6: 4672.8498 | OU6: 81.179195 | OV6: 65.295421 | OW6: 53.747252 | OX6: 48.59454 | OY6: 32.438942 | OZ6: 4626.1363 | PA6: 4319.1376 | PB6: 4167.1731 | PC6: 3172.9794 | PD6: 3603.9082 | PE6: 75.567513 | PF6: 58.986637 | PG6: 46.654009 | PH6: 42.736323 | PI6: 32.16936 | PJ6: 5115.3747 | PK6: 4830.5469 | PL6: 4765.0556 | PM6: 5739.4509 | PN6: 4067.8149 | PO6: 93.005407 | PP6: 77.314532 | PQ6: 59.298154 | PR6: 53.259915 | PS6: 34.626524 | PT6: 4838.1259 | PU6: 4975.351 | PV6: 5008.6284 | PW6: 6077.022 | PX6: 4418.4685 | PY6: 88.354321 | PZ6: 76.41913 | QA6: 56.948898 | QB6: 48.187658 | QC6: 29.609117 | QD6: 4791.8554 | QE6: 4944.2287 | QF6: 4501.9618 | QG6: 3800.6235 | QH6: 3724.9596 | QI6: 82.930968 | QJ6: 61.70903 | QK6: 49.330964 | QL6: 44.744011 | QM6: 31.55263 | QN6: 4628.5568 | QO6: 4605.3893 | QP6: 4587.2401 | QQ6: 5552.1454 | QR6: 4630.1134 | QS6: 94.100857 | QT6: 73.208554 | QU6: 58.846374 | QV6: 53.793327 | QW6: 40.981694 | QX6: 4618.2498 | QY6: 4658.714 | QZ6: 4921.2638 | RA6: 5108.2553 | RB6: 4167.754 | RC6: 89.302259 | RD6: 73.380963 | RE6: 58.668205 | RF6: 52.384778 | RG6: 35.264168 | RH6: 6219.535 | RI6: 5757.3328 | RJ6: 5494.5375 | RK6: 5462.4632 | RL6: 4638.8212 | RM6: 92.479808 | RN6: 74.884363 | RO6: 54.469191 | RP6: 45.287209 | RQ6: 30.840471 | RR6: 6010.6214 | RS6: 5462.9431 | RT6: 4732.8024 | RU6: 5771.1688 | RV6: 4517.8425
A7: 96.999555 | B7: 73.783877 | C7: 55.702714 | D7: 50.677457 | E7: 36.002405 | F7: 6070.2583 | G7: 5676.5615 | H7: 5765.7728 | I7: 6060.2883 | J7: 5175.2999 | K7: 75.681151 | L7: 61.678872 | M7: 50.374272 | N7: 44.717079 | O7: 29.659136 | P7: 4735.3679 | Q7: 4688.8716 | R7: 4520.7876 | S7: 3645.6382 | T7: 3765.4996 | U7: 96.517819 | V7: 80.143471 | W7: 63.810421 | X7: 57.379456 | Y7: 47.97353 | Z7: 5882.48 | AA7: 5702.9931 | AB7: 5604.6393 | AC7: 6072.6723 | AD7: 5158.6629 | AE7: 120.47117 | AF7: 103.97231 | AG7: 91.106608 | AH7: 85.446491 | AI7: 71.263364 | AJ7: 5533.3281 | AK7: 5398.6034 | AL7: 5333.4538 | AM7: 6078.0834 | AN7: 5033.7763 | AO7: 117.7295 | AP7: 100.78335 | AQ7: 87.619362 | AR7: 80.331751 | AS7: 51.393293 | AT7: 6724.4209 | AU7: 6249.2812 | AV7: 6232.9849 | AW7: 6043.5965 | AX7: 5995.2804 | AY7: 93.67224 | AZ7: 81.390123 | BA7: 69.091762 | BB7: 62.462474 | BC7: 45.195017 | BD7: 6273.3459 | BE7: 6018.5838 | BF7: 5723.6738 | BG7: 5245.6204 | BH7: 5169.774 | BI7: 89.58355 | BJ7: 66.2996 | BK7: 51.860575 | BL7: 47.816958 | BM7: 31.132681 | BN7: 4519.3724 | BO7: 4262.9089 | BP7: 3928.9632 | BQ7: 4781.1661 | BR7: 3919.7202 | BS7: 103.05694 | BT7: 86.99028 | BU7: 74.007558 | BV7: 68.299556 | BW7: 52.322638 | BX7: 5599.9 | BY7: 5808.636 | BZ7: 5820.37 | CA7: 6123.1254 | CB7: 5001.4959 | CC7: 103.71205 | CD7: 80.353116 | CE7: 63.732074 | CF7: 55.879936 | CG7: 37.068622 | CH7: 5504.9194 | CI7: 4894.97 | CJ7: 4588.813 | CK7: 5178.1768 | CL7: 4308.8288 | CM7: 72.073425 | CN7: 61.450731 | CO7: 49.993595 | CP7: 42.602572 | CQ7: 28.712025 | CR7: 5991.1686 | CS7: 5022.4689 | CT7: 4992.5166 | CU7: 4034.1443 | CV7: 4196.378 | CW7: 149.28052 | CX7: 126.17444 | CY7: 96.580211 | CZ7: 87.692516 | DA7: 65.645419 | DB7: 6141.6291 | DC7: 5774.4502 | DD7: 5906.2362 | DE7: 5958.9836 | DF7: 5743.0563 | DG7: 84.516247 | DH7: 70.401659 | DI7: 59.560734 | DJ7: 53.14093 | DK7: 38.173478 | DL7: 5888.1425 | DM7: 5213.8565 | DN7: 4946.6738 | DO7: 4821.8822 | DP7: 4578.1725 | DQ7: 115.02989 | DR7: 99.094399 | DS7: 81.446856 | DT7: 73.096855 | DU7: 50.860768 | DV7: 5348.1363 | DW7: 5152.1423 | DX7: 5204.0767 | DY7: 5385.402 | DZ7: 5223.6776 | EA7: 100.90688 | EB7: 87.672931 | EC7: 78.722807 | ED7: 74.302432 | EE7: 61.997561 | EF7: 6162.9817 | EG7: 5783.9973 | EH7: 5750.7785 | EI7: 4795.0533 | EJ7: 5849.6745 | EK7: 87.083801 | EL7: 74.624917 | EM7: 65.007046 | EN7: 59.437101 | EO7: 47.303664 | EP7: 5666.7068 | EQ7: 5381.2261 | ER7: 5322.1785 | ES7: 4992.6163 | ET7: 5068.8584 | EU7: 108.66906 | EV7: 92.368827 | EW7: 76.653325 | EX7: 70.186248 | EY7: 47.696157 | EZ7: 4869.2269 | FA7: 4871.4306 | FB7: 4579.4153 | FC7: 3365.7748 | FD7: 4573.7886 | FE7: 88.366833 | FF7: 73.969673 | FG7: 59.676608 | FH7: 53.530054 | FI7: 36.743334 | FJ7: 6099.4462 | FK7: 5464.9395 | FL7: 4857.3754 | FM7: 4596.262 | FN7: 4598.7409 | FO7: 155.07195 | FP7: 114.40163 | FQ7: 93.770978 | FR7: 83.342636 | FS7: 59.874619 | FT7: 4525.1767 | FU7: 4976.0747 | FV7: 4570.6012 | FW7: 4158.7711 | FX7: 4588.8215 | FY7: 114.8085 | FZ7: 92.253638 | GA7: 73.151496 | GB7: 64.085082 | GC7: 41.291153 | GD7: 6796.6689 | GE7: 6739.8947 | GF7: 6215.0485 | GG7: 6366.6554 | GH7: 4728.7229 | GI7: 101.36267 | GJ7: 87.568611 | GK7: 74.316243 | GL7: 66.80837 | GM7: 51.170611 | GN7: 4951.9765 | GO7: 4788.0442 | GP7: 4644.0746 | GQ7: 4316.332 | GR7: 4648.4822 | GS7: 106.80635 | GT7: 87.557422 | GU7: 73.707635 | GV7: 65.196234 | GW7: 48.426427 | GX7: 5878.7357 | GY7: 5467.9651 | GZ7: 5476.7872 | HA7: 5085.7805 | HB7: 4816.2772 | HC7: 98.887553 | HD7: 81.537545 | HE7: 67.741873 | HF7: 60.645766 | HG7: 23.806132 | HH7: 5040.1778 | HI7: 5000.3187 | HJ7: 4391.452 | HK7: 2874.7176 | HL7: 4515.5324 | HM7: 73.231443 | HN7: 59.461877 | HO7: 49.77345 | HP7: 44.023934 | HQ7: 19.327095 | HR7: 5159.3696 | HS7: 4953.5348 | HT7: 4313.1417 | HU7: 4355.5171 | HV7: 3824.2577 | HW7: 98.730865 | HX7: 85.545428 | HY7: 72.39194 | HZ7: 66.27201 | IA7: 47.789776 | IB7: 4950.6341 | IC7: 5165.4341 | ID7: 4902.7552 | IE7: 4406.5747 | IF7: 4280.3163 | IG7: 101.02024 | IH7: 71.803215 | II7: 59.68325 | IJ7: 52.649224 | IK7: 35.041509 | IL7: 4462.3893 | IM7: 4664.1078 | IN7: 4337.3511 | IO7: 3372.8904 | IP7: 4120.9028 | IQ7: 99.676152 | IR7: 78.828935 | IS7: 66.324416 | IT7: 60.074428 | IU7: 37.228245 | IV7: 5828.9825 | IW7: 5964.268 | IX7: 5525.6495 | IY7: 4848.7033 | IZ7: 5598.0414 | JA7: 77.59189 | JB7: 66.897368 | JC7: 59.155463 | JD7: 54.767943 | JE7: 45.227241 | JF7: 5898.4316 | JG7: 5816.6993 | JH7: 5602.234 | JI7: 5590.5804 | JJ7: 5293.8255 | JK7: 79.486713 | JL7: 67.312062 | JM7: 57.604073 | JN7: 53.305066 | JO7: 41.088817 | JP7: 5433.5823 | JQ7: 5375.0915 | JR7: 5170.8282 | JS7: 4713.2186 | JT7: 4665.3721 | JU7: 107.35815 | JV7: 91.341161 | JW7: 75.973315 | JX7: 68.070951 | JY7: 50.14744 | JZ7: 5201.7968 | KA7: 5025.5488 | KB7: 4701.4385 | KC7: 4201.7826 | KD7: 4298.7521 | KE7: 99.157307 | KF7: 82.261295 | KG7: 69.3565 | KH7: 58.745749 | KI7: 41.552777 | KJ7: 5459.0781 | KK7: 5492.5265 | KL7: 5173.8996 | KM7: 4431.994 | KN7: 4891.8624 | KO7: 91.710024 | KP7: 73.284727 | KQ7: 58.510178 | KR7: 52.310623 | KS7: 37.70936 | KT7: 3575.3275 | KU7: 3930.3701 | KV7: 4378.9565 | KW7: 6928.0898 | KX7: 5038.7196 | KY7: 80.094143 | KZ7: 66.480922 | LA7: 56.333463 | LB7: 51.115084 | LC7: 31.880813 | LD7: 4290.6262 | LE7: 4336.1059 | LF7: 4047.4442 | LG7: 3360.5165 | LH7: 4056.4081 | LI7: 95.013046 | LJ7: 74.873129 | LK7: 61.389925 | LL7: 53.48131 | LM7: 39.280895 | LN7: 5031.8576 | LO7: 5193.8789 | LP7: 4893.512 | LQ7: 5788.458 | LR7: 4392.401 | LS7: 92.836176 | LT7: 79.387816 | LU7: 63.107287 | LV7: 55.29766 | LW7: 41.785988 | LX7: 6344.551 | LY7: 5964.2349 | LZ7: 5361.3843 | MA7: 5052.0069 | MB7: 4793.7464 | MC7: 131.99863 | MD7: 107.52795 | ME7: 86.951794 | MF7: 77.75344 | MG7: 56.91149 | MH7: 6025.4972 | MI7: 5561.1047 | MJ7: 5468.194 | MK7: 4988.5787 | ML7: 4667.5357 | MM7: 100.8524 | MN7: 88.494567 | MO7: 77.349627 | MP7: 71.686702 | MQ7: 47.702494 | MR7: 5161.0513 | MS7: 4948.5904 | MT7: 4625.3224 | MU7: 4732.2141 | MV7: 4269.8668 | MW7: 91.480213 | MX7: 78.710384 | MY7: 67.34602 | MZ7: 60.199065 | NA7: 41.407765 | NB7: 4977.357 | NC7: 4852.0029 | ND7: 4707.2846 | NE7: 4929.4965 | NF7: 3912.7083 | NG7: 85.577636 | NH7: 75.309165 | NI7: 66.211591 | NJ7: 60.470671 | NK7: 46.945366 | NL7: 5494.9458 | NM7: 5291.0465 | NN7: 5242.0222 | NO7: 3976.3318 | NP7: 4683.9045 | NQ7: 133.63855 | NR7: 105.8653 | NS7: 81.980521 | NT7: 73.342758 | NU7: 53.956887 | NV7: 5504.4828 | NW7: 5474.2704 | NX7: 5353.9653 | NY7: 4621.2107 | NZ7: 4787.6819 | OA7: 73.765031 | OB7: 65.079628 | OC7: 55.493449 | OD7: 51.088526 | OE7: 37.269391 | OF7: 5645.5899 | OG7: 5583.7594 | OH7: 5300.926 | OI7: 5334.7302 | OJ7: 4958.7301 | OK7: 97.827796 | OL7: 78.217955 | OM7: 67.421151 | ON7: 61.2957 | OO7: 48.583423 | OP7: 5010.8471 | OQ7: 4906.0396 | OR7: 4598.2665 | OS7: 3445.7944 | OT7: 4212.9409 | OU7: 127.3275 | OV7: 107.61424 | OW7: 92.219409 | OX7: 86.067279 | OY7: 73.255713 | OZ7: 5395.7001 | PA7: 5305.4079 | PB7: 5294.159 | PC7: 3089.9011 | PD7: 4437.5297 | PE7: 92.756482 | PF7: 78.837459 | PG7: 67.571227 | PH7: 60.757079 | PI7: 47.200017 | PJ7: 6209.7912 | PK7: 5527.855 | PL7: 5134.58 | PM7: 4359.0967 | PN7: 4200.1209 | PO7: 131.49825 | PP7: 109.76552 | PQ7: 90.985843 | PR7: 81.024831 | PS7: 46.746419 | PT7: 5231.8751 | PU7: 5035.2997 | PV7: 4589.9398 | PW7: 5155.7865 | PX7: 4032.1072 | PY7: 82.016605 | PZ7: 67.740958 | QA7: 57.080536 | QB7: 52.104699 | QC7: 34.702611 | QD7: 5199.441 | QE7: 4917.0515 | QF7: 4745.4902 | QG7: 4769.8131 | QH7: 4789.1944 | QI7: 84.811477 | QJ7: 73.42608 | QK7: 65.318566 | QL7: 60.924086 | QM7: 39.239704 | QN7: 5901.7555 | QO7: 5297.2811 | QP7: 5091.6441 | QQ7: 5113.4745 | QR7: 4203.6566 | QS7: 67.544403 | QT7: 59.232428 | QU7: 50.740501 | QV7: 46.499195 | QW7: 34.057616 | QX7: 6156.0498 | QY7: 6230.9668 | QZ7: 5862.5452 | RA7: 5397.6642 | RB7: 5457.9646 | RC7: 87.256207 | RD7: 76.515646 | RE7: 67.470862 | RF7: 62.709305 | RG7: 46.164108 | RH7: 6127.3903 | RI7: 5751.1909 | RJ7: 5379.4164 | RK7: 4469.1189 | RL7: 4707.0196 | RM7: 100.64881 | RN7: 75.91203 | RO7: 55.027264 | RP7: 36.628377 | RQ7: 10.953737 | RR7: 6180.1325 | RS7: 5238.1028 | RT7: 4339.9328 | RU7: 3434.0563 | RV7: 2890.877
A8: 91.170941 | B8: 78.144184 | C8: 63.138228 | D8: 55.195997 | E8: 35.752863 | F8: 5017.8777 | G8: 4810.3592 | H8: 4384.3884 | I8: 5602.0228 | J8: 4040.8486 | K8: 87.022455 | L8: 74.43199 | M8: 64.28985 | N8: 59.438982 | O8: 42.201538 | P8: 5803.2251 | Q8: 5645.4027 | R8: 5713.4889 | S8: 5988.8235 | T8: 4996.7752 | U8: 112.02114 | V8: 90.809823 | W8: 75.963355 | X8: 69.838632 | Y8: 47.260576 | Z8: 5510.424 | AA8: 5368.1376 | AB8: 5473.8246 | AC8: 6071.4018 | AD8: 5829.2531 | AE8: 123.40462 | AF8: 106.3673 | AG8: 90.719413 | AH8: 83.788899 | AI8: 62.769254 | AJ8: 7054.2273 | AK8: 7072.0765 | AL8: 6587.7946 | AM8: 6093.7011 | AN8: 5607.5444 | AO8: 73.812797 | AP8: 60.314397 | AQ8: 48.944841 | AR8: 44.500779 | AS8: 30.008869 | AT8: 6162.6325 | AU8: 6093.5835 | AV8: 6027.5867 | AW8: 5443.5911 | AX8: 5556.811 | AY8: 66.240933 | AZ8: 54.388833 | BA8: 46.437837 | BB8: 42.664806 | BC8: 31.431795 | BD8: 4432.2788 | BE8: 4437.2009 | BF8: 4117.7385 | BG8: 3685.8346 | BH8: 3701.8504 | BI8: 88.32793 | BJ8: 75.982943 | BK8: 64.455144 | BL8: 57.88104 | BM8: 37.33829 | BN8: 6037.8026 | BO8: 5906.6044 | BP8: 5585.3127 | BQ8: 5329.433 | BR8: 5298.1558 | BS8: 59.446343 | BT8: 47.833734 | BU8: 39.284814 | BV8: 35.199659 | BW8: 20.438278 | BX8: 5209.9294 | BY8: 4956.9887 | BZ8: 4550.8548 | CA8: 4389.2729 | CB8: 4091.3583 | CC8: 81.930597 | CD8: 56.382186 | CE8: 43.679672 | CF8: 39.408735 | CG8: 30.462581 | CH8: 5013.786 | CI8: 5277.996 | CJ8: 5099.8614 | CK8: 5719.98 | CL8: 4048.536 | CM8: 92.860284 | CN8: 82.088676 | CO8: 70.969549 | CP8: 65.054036 | CQ8: 46.101227 | CR8: 6018.078 | CS8: 5937.8018 | CT8: 5993.3423 | CU8: 5559.2628 | CV8: 6095.7625 | CW8: 97.29035 | CX8: 81.408548 | CY8: 67.238599 | CZ8: 62.32291 | DA8: 48.796212 | DB8: 5513.564 | DC8: 5395.2039 | DD8: 5256.8342 | DE8: 5663.7864 | DF8: 4600.7351 | DG8: 96.627229 | DH8: 80.1092 | DI8: 71.018744 | DJ8: 66.304162 | DK8: 51.351798 | DL8: 5509.1574 | DM8: 5407.9063 | DN8: 5153.7353 | DO8: 4926.2798 | DP8: 4806.0649 | DQ8: 116.49379 | DR8: 97.557033 | DS8: 82.619142 | DT8: 75.680169 | DU8: 63.710527 | DV8: 5535.1216 | DW8: 5837.2914 | DX8: 5852.4723 | DY8: 5513.8346 | DZ8: 5694.5582 | EA8: 114.25045 | EB8: 97.936257 | EC8: 74.058901 | ED8: 63.515864 | EE8: 41.586174 | EF8: 5839.7192 | EG8: 5595.0404 | EH8: 5261.8545 | EI8: 5276.3717 | EJ8: 5112.1799 | EK8: 82.492469 | EL8: 68.857949 | EM8: 57.720625 | EN8: 53.228193 | EO8: 39.454895 | EP8: 4978.4978 | EQ8: 4830.2903 | ER8: 4703.2182 | ES8: 4109.7594 | ET8: 4253.1839 | EU8: 80.661383 | EV8: 68.395434 | EW8: 55.53357 | EX8: 49.520074 | EY8: 35.362978 | EZ8: 5368.1782 | FA8: 5205.8447 | FB8: 5072.2375 | FC8: 6550.3355 | FD8: 4828.1682 | FE8: 56.701831 | FF8: 46.33873 | FG8: 38.036707 | FH8: 34.137522 | FI8: 24.784846 | FJ8: 4851.7263 | FK8: 4678.5096 | FL8: 4593.7185 | FM8: 5025.1406 | FN8: 4488.6418 | FO8: 79.988411 | FP8: 69.610137 | FQ8: 58.421885 | FR8: 52.255629 | FS8: 34.780439 | FT8: 6750.9686 | FU8: 6850.2945 | FV8: 6334.1149 | FW8: 6185.905 | FX8: 4847.5111 | FY8: 64.165494 | FZ8: 55.058531 | GA8: 47.396192 | GB8: 43.975226 | GC8: 32.27554 | GD8: 5299.0879 | GE8: 5382.9486 | GF8: 5225.0322 | GG8: 5061.5748 | GH8: 4243.2209 | GI8: 93.555407 | GJ8: 76.768161 | GK8: 60.280974 | GL8: 52.779024 | GM8: 41.161452 | GN8: 5976.2574 | GO8: 5753.114 | GP8: 5132.2553 | GQ8: 4353.4566 | GR8: 4747.5411 | GS8: 90.721085 | GT8: 68.179975 | GU8: 48.779533 | GV8: 42.928694 | GW8: 23.812844 | GX8: 5442.0316 | GY8: 4910.0484 | GZ8: 4343.0451 | HA8: 5546.3613 | HB8: 3585.0683 | HC8: 57.000929 | HD8: 46.998683 | HE8: 37.70855 | HF8: 32.659184 | HG8: 22.976261 | HH8: 5430.3686 | HI8: 4824.2718 | HJ8: 4557.123 | HK8: 3729.7284 | HL8: 3625.3261 | HM8: 93.270589 | HN8: 77.335952 | HO8: 63.346668 | HP8: 56.246029 | HQ8: 43.989524 | HR8: 6036.3032 | HS8: 5121.7923 | HT8: 5064.5862 | HU8: 5727.8474 | HV8: 4439.1734 | HW8: 82.1038 | HX8: 65.261916 | HY8: 51.313971 | HZ8: 45.20897 | IA8: 30.422784 | IB8: 5299.1103 | IC8: 5003.2596 | ID8: 4543.3015 | IE8: 4673.7602 | IF8: 3965.768 | IG8: 99.848117 | IH8: 84.060637 | II8: 69.612416 | IJ8: 63.4617 | IK8: 44.853867 | IL8: 5710.3424 | IM8: 5542.1977 | IN8: 5291.7471 | IO8: 5346.9959 | IP8: 4848.0327 | IQ8: 79.949536 | IR8: 71.546163 | IS8: 61.399085 | IT8: 55.739002 | IU8: 47.005858 | IV8: 5478.7615 | IW8: 5500.1764 | IX8: 5627.9881 | IY8: 4783.9597 | IZ8: 5311.8903 | JA8: 122.9011 | JB8: 103.67221 | JC8: 89.070168 | JD8: 80.964901 | JE8: 60.516391 | JF8: 5661.1558 | JG8: 5238.2566 | JH8: 4888.9768 | JI8: 3475.5333 | JJ8: 4605.608 | JK8: 84.763277 | JL8: 68.510089 | JM8: 58.432257 | JN8: 53.920368 | JO8: 43.075111 | JP8: 5045.4076 | JQ8: 4647.1889 | JR8: 4767.4864 | JS8: 4475.0771 | JT8: 4991.1369 | JU8: 59.237468 | JV8: 50.732532 | JW8: 42.515442 | JX8: 37.773468 | JY8: 26.662954 | JZ8: 6531.6871 | KA8: 5409.0445 | KB8: 5162.5153 | KC8: 5234.4644 | KD8: 5206.0338 | KE8: 79.75811 | KF8: 67.950014 | KG8: 58.374059 | KH8: 54.808226 | KI8: 45.171152 | KJ8: 5346.1759 | KK8: 5047.0148 | KL8: 4071.8509 | KM8: 5321.0703 | KN8: 5194.8969 | KO8: 87.272204 | KP8: 71.069784 | KQ8: 56.993865 | KR8: 52.569782 | KS8: 34.836055 | KT8: 3996.5326 | KU8: 4244.8616 | KV8: 4166.6239 | KW8: 4129.8122 | KX8: 3694.8751 | KY8: 97.709739 | KZ8: 84.848347 | LA8: 72.16979 | LB8: 64.095006 | LC8: 43.498726 | LD8: 5708.5131 | LE8: 5332.1959 | LF8: 5023.9514 | LG8: 4355.9813 | LH8: 4287.746 | LI8: 67.205595 | LJ8: 55.958864 | LK8: 39.747821 | LL8: 31.997564 | LM8: 16.589022 | LN8: 6056.4255 | LO8: 6008.2808 | LP8: 5586.5576 | LQ8: 4954.3224 | LR8: 4984.951 | LS8: 54.325791 | LT8: 43.514488 | LU8: 35.108437 | LV8: 31.630599 | LW8: 24.374559 | LX8: 5642.292 | LY8: 6163.1308 | LZ8: 5630.8833 | MA8: 4499.8517 | MB8: 4968.5567 | MC8: 84.6148 | MD8: 69.749469 | ME8: 59.258652 | MF8: 54.288716 | MG8: 43.048773 | MH8: 4700.9728 | MI8: 4730.037 | MJ8: 4796.0895 | MK8: 5126.1644 | ML8: 4927.2596 | MM8: 96.303635 | MN8: 76.202812 | MO8: 61.398628 | MP8: 54.560335 | MQ8: 26.117086 | MR8: 5739.2933 | MS8: 5111.9113 | MT8: 4640.7054 | MU8: 3771.569 | MV8: 3607.122 | MW8: 126.59608 | MX8: 99.891322 | MY8: 84.037363 | MZ8: 77.274533 | NA8: 50.041161 | NB8: 5619.7432 | NC8: 5708.6819 | ND8: 5358.1367 | NE8: 5714.2908 | NF8: 4478.6489 | NG8: 56.671714 | NH8: 49.449921 | NI8: 42.596012 | NJ8: 38.716707 | NK8: 30.232493 | NL8: 5813.0088 | NM8: 5458.2393 | NN8: 5377.8659 | NO8: 4598.3372 | NP8: 5548.5051 | NQ8: 75.290263 | NR8: 64.732853 | NS8: 56.111333 | NT8: 50.790259 | NU8: 35.839602 | NV8: 5592.6636 | NW8: 5684.9784 | NX8: 5613.7186 | NY8: 5340.6639 | NZ8: 5022.9145 | OA8: 66.51921 | OB8: 55.386715 | OC8: 46.815692 | OD8: 42.756886 | OE8: 33.184072 | OF8: 5047.9012 | OG8: 5000.9874 | OH8: 4738.1114 | OI8: 4171.4275 | OJ8: 4235.8174 | OK8: 101.65437 | OL8: 90.901769 | OM8: 79.742487 | ON8: 74.445197 | OO8: 55.432578 | OP8: 5243.1039 | OQ8: 5229.138 | OR8: 5122.9632 | OS8: 5584.6559 | OT8: 4434.1537 | OU8: 131.42076 | OV8: 106.1547 | OW8: 84.986431 | OX8: 75.814561 | OY8: 54.711762 | OZ8: 5681.2049 | PA8: 5613.3454 | PB8: 5065.902 | PC8: 4872.137 | PD8: 4575.1932 | PE8: 80.768465 | PF8: 64.142944 | PG8: 50.072507 | PH8: 43.682573 | PI8: 29.171359 | PJ8: 5553.2046 | PK8: 5381.8656 | PL8: 4678.4028 | PM8: 4078.0846 | PN8: 4153.8969 | PO8: 114.73367 | PP8: 90.021825 | PQ8: 77.021675 | PR8: 71.287811 | PS8: 52.954035 | PT8: 5389.4197 | PU8: 5166.6137 | PV8: 5055.368 | PW8: 4304.0485 | PX8: 4614.8767 | PY8: 84.541146 | PZ8: 68.615596 | QA8: 54.57533 | QB8: 48.727 | QC8: 34.679533 | QD8: 5124.1541 | QE8: 5518.4287 | QF8: 4830.7466 | QG8: 4945.3069 | QH8: 4546.1313 | QI8: 95.243504 | QJ8: 77.356569 | QK8: 66.668956 | QL8: 61.863335 | QM8: 48.057456 | QN8: 6201.2441 | QO8: 5839.5226 | QP8: 5716.4055 | QQ8: 6339.7743 | QR8: 5021.0863 | QS8: 71.507158 | QT8: 54.986569 | QU8: 43.745116 | QV8: 39.898261 | QW8: 32.393804 | QX8: 5075.0981 | QY8: 5764.3973 | QZ8: 5462.9152 | RA8: 4657.2608 | RB8: 4825.2847 | RC8: 59.125276 | RD8: 42.433816 | RE8: 33.197391 | RF8: 25.713237 | RG8: 3.9544525 | RH8: 5671.9457 | RI8: 4833.5427 | RJ8: 4810.4826 | RK8: 6105.9095 | RL8: 2898.3775 | RM8: 102.34235 | RN8: 83.198242 | RO8: 71.223995 | RP8: 65.434621 | RQ8: 44.383035 | RR8: 5866.2658 | RS8: 5858.4685 | RT8: 5704.6606 | RU8: 5959.1117 | RV8: 5253.0411
A9: 68.136319 | B9: 51.844684 | C9: 41.353197 | D9: 36.516495 | E9: 28.264801 | F9: 6346.497 | G9: 5887.0051 | H9: 5828.3138 | I9: 5817.4377 | J9: 5388.0382 | K9: 96.121074 | L9: 81.115435 | M9: 70.743101 | N9: 65.773067 | O9: 49.922605 | P9: 5954.0733 | Q9: 5841.5415 | R9: 5541.6754 | S9: 5537.7079 | T9: 5623.448 | U9: 59.200586 | V9: 51.972325 | W9: 44.683735 | X9: 40.176149 | Y9: 30.559548 | Z9: 7228.6595 | AA9: 7073.4158 | AB9: 7040.5039 | AC9: 6551.1313 | AD9: 5949.545 | AE9: 93.82072 | AF9: 74.883528 | AG9: 64.695851 | AH9: 60.583841 | AI9: 50.336204 | AJ9: 7109.0264 | AK9: 6233.3782 | AL9: 5763.6057 | AM9: 5636.1734 | AN9: 5486.3286 | AO9: 82.48691 | AP9: 61.948552 | AQ9: 50.076683 | AR9: 45.491089 | AS9: 32.47298 | AT9: 4474.4205 | AU9: 4263.4939 | AV9: 4248.0392 | AW9: 4314.285 | AX9: 4086.8669 | AY9: 96.93361 | AZ9: 77.745038 | BA9: 51.163572 | BB9: 42.658216 | BC9: 31.676631 | BD9: 6461.8464 | BE9: 6317.6859 | BF9: 5857.4692 | BG9: 5387.9178 | BH9: 5233.7352 | BI9: 72.507681 | BJ9: 61.103998 | BK9: 52.859432 | BL9: 48.617212 | BM9: 36.817041 | BN9: 5427.5385 | BO9: 5101.9788 | BP9: 4856.9289 | BQ9: 3907.004 | BR9: 4244.1635 | BS9: 86.509841 | BT9: 66.01915 | BU9: 57.390488 | BV9: 53.735976 | BW9: 38.308497 | BX9: 6432.5623 | BY9: 5469.7653 | BZ9: 5147.7181 | CA9: 4223.8739 | CB9: 4747.2057 | CC9: 67.190521 | CD9: 59.397802 | CE9: 51.914803 | CF9: 47.276867 | CG9: 33.50382 | CH9: 7112.6783 | CI9: 6742.3832 | CJ9: 6414.9839 | CK9: 6950.3834 | CL9: 6084.6911 | CM9: 70.90653 | CN9: 57.674944 | CO9: 50.119909 | CP9: 46.576455 | CQ9: 37.764756 | CR9: 5880.8536 | CS9: 5507.5625 | CT9: 5306.5803 | CU9: 5101.3526 | CV9: 4874.3431 | CW9: 131.80058 | CX9: 112.33587 | CY9: 99.427207 | CZ9: 92.75058 | DA9: 68.796524 | DB9: 5663.8322 | DC9: 5484.33 | DD9: 5286.7285 | DE9: 6342.93 | DF9: 5000.7948 | DG9: 90.195879 | DH9: 77.181489 | DI9: 66.351377 | DJ9: 61.530678 | DK9: 44.999708 | DL9: 6068.2083 | DM9: 5835.4745 | DN9: 5976.5746 | DO9: 5389.7885 | DP9: 6288.5237 | DQ9: 85.145503 | DR9: 64.313511 | DS9: 45.775321 | DT9: 41.169191 | DU9: 23.006155 | DV9: 6020.692 | DW9: 5794.2634 | DX9: 5494.2712 | DY9: 4512.0315 | DZ9: 5787.1211 | EA9: 61.96892 | EB9: 53.276146 | EC9: 46.778556 | ED9: 43.470699 | EE9: 28.992766 | EF9: 4823.7282 | EG9: 4796.8493 | EH9: 4594.2748 | EI9: 4805.6676 | EJ9: 4545.5755 | EK9: 55.388042 | EL9: 47.462015 | EM9: 40.127026 | EN9: 35.986728 | EO9: 27.565048 | EP9: 5299.7542 | EQ9: 5462.5253 | ER9: 5098.812 | ES9: 5593.3909 | ET9: 4886.876 | EU9: 54.461613 | EV9: 47.614894 | EW9: 41.11734 | EX9: 38.109138 | EY9: 28.852803 | EZ9: 5142.2551 | FA9: 4795.2519 | FB9: 4566.761 | FC9: 4222.6179 | FD9: 3867.8946 | FE9: 90.528341 | FF9: 77.947726 | FG9: 66.697379 | FH9: 61.87489 | FI9: 51.155276 | FJ9: 6541.2563 | FK9: 6463.0117 | FL9: 6428.5354 | FM9: 6650.986 | FN9: 6381.2759 | FO9: 92.125657 | FP9: 78.283967 | FQ9: 68.932562 | FR9: 64.366215 | FS9: 54.896004 | FT9: 4915.2834 | FU9: 4986.8942 | FV9: 4866.2012 | FW9: 4555.9721 | FX9: 4828.21 | FY9: 109.71266 | FZ9: 93.674391 | GA9: 81.206763 | GB9: 73.729508 | GC9: 58.460566 | GD9: 6356.9062 | GE9: 5671.2122 | GF9: 5211.5203 | GG9: 4791.9694 | GH9: 5090.7041 | GI9: 58.497593 | GJ9: 48.337674 | GK9: 39.724784 | GL9: 35.459823 | GM9: 20.779619 | GN9: 5048.0821 | GO9: 4532.4458 | GP9: 4587.3834 | GQ9: 5985.6927 | GR9: 3925.691 | GS9: 90.793674 | GT9: 63.770862 | GU9: 49.863792 | GV9: 44.736415 | GW9: 27.296253 | GX9: 5774.4763 | GY9: 5114.0358 | GZ9: 4489.6489 | HA9: 3550.8102 | HB9: 3677.5595 | HC9: 75.017953 | HD9: 62.252285 | HE9: 50.696068 | HF9: 45.015323 | HG9: 30.440734 | HH9: 5238.4981 | HI9: 5134.6853 | HJ9: 5109.228 | HK9: 4578.2935 | HL9: 4599.9907 | HM9: 77.650965 | HN9: 62.039759 | HO9: 47.945955 | HP9: 41.786567 | HQ9: 26.096602 | HR9: 5229.5579 | HS9: 5024.2792 | HT9: 4498.0481 | HU9: 5295.7941 | HV9: 4069.5758 | HW9: 69.291474 | HX9: 58.912091 | HY9: 47.409587 | HZ9: 43.335686 | IA9: 27.845451 | IB9: 5646.3262 | IC9: 5508.8979 | ID9: 5350.2532 | IE9: 5702.2022 | IF9: 4891.2592 | IG9: 102.63145 | IH9: 87.154922 | II9: 76.082104 | IJ9: 70.550507 | IK9: 53.617814 | IL9: 5704.6814 | IM9: 5596.6299 | IN9: 5407.6862 | IO9: 5310.7168 | IP9: 5507.7405 | IQ9: 116.1763 | IR9: 95.389701 | IS9: 81.490009 | IT9: 76.078893 | IU9: 63.127954 | IV9: 5349.8761 | IW9: 5079.2446 | IX9: 4982.8072 | IY9: 5827.6023 | IZ9: 4705.5103 | JA9: 74.5777 | JB9: 64.100757 | JC9: 52.243837 | JD9: 45.333777 | JE9: 31.99942 | JF9: 5322.9517 | JG9: 5060.4911 | JH9: 5032.7676 | JI9: 4419.9219 | JJ9: 4329.2845 | JK9: 110.9975 | JL9: 93.845937 | JM9: 80.83876 | JN9: 75.461306 | JO9: 60.344684 | JP9: 6748.9191 | JQ9: 5848.0562 | JR9: 5557.2881 | JS9: 7355.33 | JT9: 4912.6454 | JU9: 86.883074 | JV9: 69.032815 | JW9: 59.274569 | JX9: 55.763695 | JY9: 43.28583 | JZ9: 6290.0783 | KA9: 5211.4444 | KB9: 4534.9088 | KC9: 3823.7697 | KD9: 3828.7239 | KE9: 72.768746 | KF9: 60.080114 | KG9: 48.580372 | KH9: 40.854374 | KI9: 23.145597 | KJ9: 4593.091 | KK9: 4245.4986 | KL9: 4022.6953 | KM9: 4073.0002 | KN9: 4258.689 | KO9: 89.622416 | KP9: 78.133849 | KQ9: 66.54625 | KR9: 59.656945 | KS9: 48.087011 | KT9: 5464.2957 | KU9: 5407.8592 | KV9: 5048.4156 | KW9: 4915.5043 | KX9: 4500.4049 | KY9: 93.831672 | KZ9: 71.939567 | LA9: 59.411446 | LB9: 52.595362 | LC9: 35.931805 | LD9: 6162.4519 | LE9: 6058.4493 | LF9: 5754.5415 | LG9: 4926.5123 | LH9: 5224.6382 | LI9: 89.9824 | LJ9: 66.73426 | LK9: 46.389527 | LL9: 40.824691 | LM9: 27.815739 | LN9: 6085.8646 | LO9: 5886.18 | LP9: 5731.921 | LQ9: 4675.0537 | LR9: 5331.0697 | LS9: 76.828351 | LT9: 61.36458 | LU9: 52.74054 | LV9: 48.86534 | LW9: 34.12635 | LX9: 5428.3045 | LY9: 4930.0306 | LZ9: 4855.826 | MA9: 4827.6791 | MB9: 4423.2696 | MC9: 58.358406 | MD9: 50.769685 | ME9: 43.568301 | MF9: 40.39608 | MG9: 26.676925 | MH9: 5297.4943 | MI9: 5300.3933 | MJ9: 4939.1154 | MK9: 5397.2493 | ML9: 4346.0534 | MM9: 69.407981 | MN9: 55.060689 | MO9: 45.901856 | MP9: 41.070399 | MQ9: 29.568753 | MR9: 6084.0849 | MS9: 5825.1504 | MT9: 5172.1095 | MU9: 6044.1902 | MV9: 5169.7249 | MW9: 77.875207 | MX9: 67.644062 | MY9: 54.053621 | MZ9: 44.814654 | NA9: 29.954733 | NB9: 6066.2834 | NC9: 5682.824 | ND9: 5617.2481 | NE9: 6126.4099 | NF9: 5337.3573 | NG9: 94.22501 | NH9: 73.655882 | NI9: 62.930288 | NJ9: 57.848344 | NK9: 36.80286 | NL9: 5652.0211 | NM9: 5690.4682 | NN9: 5684.7452 | NO9: 4507.1502 | NP9: 4971.651 | NQ9: 66.25395 | NR9: 55.260722 | NS9: 46.069749 | NT9: 41.984753 | NU9: 30.899696 | NV9: 5386.1627 | NW9: 4963.4353 | NX9: 5072.367 | NY9: 5422.9817 | NZ9: 4854.1944 | OA9: 113.94763 | OB9: 99.519337 | OC9: 87.056783 | OD9: 81.301353 | OE9: 61.119027 | OF9: 5647.465 | OG9: 5598.83 | OH9: 5447.6985 | OI9: 6467.9188 | OJ9: 4738.8527 | OK9: 105.21736 | OL9: 81.296966 | OM9: 55.002134 | ON9: 49.39898 | OO9: 38.587395 | OP9: 5587.0241 | OQ9: 5635.1806 | OR9: 5431.0791 | OS9: 4009.4816 | OT9: 4393.7258 | OU9: 86.807791 | OV9: 73.282557 | OW9: 59.132072 | OX9: 53.887454 | OY9: 36.859758 | OZ9: 5673.9927 | PA9: 5464.3425 | PB9: 4952.4294 | PC9: 4548.0623 | PD9: 5015.7717 | PE9: 93.079185 | PF9: 76.220814 | PG9: 60.576077 | PH9: 50.794923 | PI9: 31.781467 | PJ9: 5558.7353 | PK9: 5352.5581 | PL9: 5061.6626 | PM9: 4313.0184 | PN9: 5026.0846 | PO9: 60.477974 | PP9: 50.061101 | PQ9: 41.385626 | PR9: 35.50981 | PS9: 24.943833 | PT9: 5359.892 | PU9: 5180.3161 | PV9: 4491.1053 | PW9: 5269.451 | PX9: 4691.8221 | PY9: 87.618879 | PZ9: 71.587482 | QA9: 59.356855 | QB9: 52.999347 | QC9: 36.146178 | QD9: 6102.7664 | QE9: 6108.543 | QF9: 5526.2942 | QG9: 5019.119 | QH9: 5101.2667 | QI9: 76.767369 | QJ9: 63.061859 | QK9: 52.492863 | QL9: 47.874474 | QM9: 34.649 | QN9: 6607.3655 | QO9: 5921.3432 | QP9: 5438.2155 | QQ9: 6013.7281 | QR9: 5250.1384 | QS9: 60.026264 | QT9: 46.627125 | QU9: 33.418507 | QV9: 28.945382 | QW9: 13.880928 | QX9: 5035.2827 | QY9: 5045.6646 | QZ9: 4703.2608 | RA9: 5055.4624 | RB9: 2793.2799 | RC9: 58.727096 | RD9: 50.916771 | RE9: 43.567799 | RF9: 40.436973 | RG9: 29.633701 | RH9: 6021.6484 | RI9: 5940.5922 | RJ9: 5809.3121 | RK9: 6008.6309 | RL9: 5384.3428 | RM9: 68.171641 | RN9: 53.041319 | RO9: 42.633945 | RP9: 37.687546 | RQ9: 28.406435 | RR9: 5324.1127 | RS9: 4838.4545 | RT9: 4599.6149 | RU9: 4290.0298 | RV9: 4057.1881
A10: 109.20367 | B10: 90.125416 | C10: 76.276911 | D10: 69.814384 | E10: 55.08126 | F10: 6112.417 | G10: 5682.8828 | H10: 5538.965 | I10: 5373.965 | J10: 5167.7265 | K10: 93.336452 | L10: 77.133127 | M10: 66.220282 | N10: 60.575309 | O10: 45.589236 | P10: 6817.2068 | Q10: 6684.1564 | R10: 6557.4587 | S10: 6597.8746 | T10: 6134.502 | U10: 83.834397 | V10: 70.656236 | W10: 57.293188 | X10: 51.431611 | Y10: 40.275599 | Z10: 6579.3718 | AA10: 6505.1634 | AB10: 6416.6876 | AC10: 5986.0953 | AD10: 6010.8528 | AE10: 85.711632 | AF10: 68.205037 | AG10: 52.828719 | AH10: 45.934308 | AI10: 32.907707 | AJ10: 4542.603 | AK10: 4497.4403 | AL10: 4159.4945 | AM10: 2890.3077 | AN10: 3363.889 | AO10: 81.995287 | AP10: 69.833394 | AQ10: 61.570124 | AR10: 57.978048 | AS10: 42.484571 | AT10: 6123.9173 | AU10: 5683.0345 | AV10: 5644.6711 | AW10: 5071.16 | AX10: 5780.3878 | AY10: 75.948931 | AZ10: 60.279367 | BA10: 47.668831 | BB10: 43.247665 | BC10: 30.170158 | BD10: 5937.0029 | BE10: 5466.805 | BF10: 5294.7509 | BG10: 5660.5818 | BH10: 4208.5343 | BI10: 89.275961 | BJ10: 73.647383 | BK10: 59.057147 | BL10: 54.343099 | BM10: 40.340514 | BN10: 6022.3496 | BO10: 5962.2025 | BP10: 5436.0725 | BQ10: 3695.0974 | BR10: 4230.289 | BS10: 89.910649 | BT10: 76.96008 | BU10: 66.66788 | BV10: 61.352758 | BW10: 43.554453 | BX10: 6040.6985 | BY10: 6250.9833 | BZ10: 6116.6761 | CA10: 6337.2742 | CB10: 6021.4431 | CC10: 95.760696 | CD10: 81.386303 | CE10: 68.852263 | CF10: 63.668511 | CG10: 38.093667 | CH10: 6166.2015 | CI10: 6002.7766 | CJ10: 5419.5675 | CK10: 5023.9103 | CL10: 5379.4095 | CM10: 100.52267 | CN10: 88.771796 | CO10: 77.706279 | CP10: 71.961594 | CQ10: 52.244082 | CR10: 5333.8439 | CS10: 5243.753 | CT10: 5391.3603 | CU10: 6189.5128 | CV10: 5500.6804 | CW10: 104.16264 | CX10: 89.9239 | CY10: 77.580346 | CZ10: 72.017196 | DA10: 56.094665 | DB10: 6089.3126 | DC10: 6016.4921 | DD10: 5912.2237 | DE10: 4810.5468 | DF10: 5937.1938 | DG10: 61.493376 | DH10: 53.906928 | DI10: 47.988968 | DJ10: 45.194801 | DK10: 35.642966 | DL10: 6002.3165 | DM10: 5808.7848 | DN10: 5641.5573 | DO10: 5735.1196 | DP10: 5159.581 | DQ10: 109.69678 | DR10: 88.715436 | DS10: 67.665855 | DT10: 61.795908 | DU10: 44.739538 | DV10: 5344.6959 | DW10: 4708.3356 | DX10: 4803.0145 | DY10: 5117.8507 | DZ10: 3982.5759 | EA10: 79.78724 | EB10: 66.63896 | EC10: 55.242603 | ED10: 50.324475 | EE10: 37.671563 | EF10: 5312.0763 | EG10: 5117.1892 | EH10: 4970.3168 | EI10: 4886.5112 | EJ10: 4935.0074 | EK10: 82.251465 | EL10: 72.958857 | EM10: 62.989206 | EN10: 57.303148 | EO10: 45.920443 | EP10: 4880.6824 | EQ10: 4844.2485 | ER10: 4800.1275 | ES10: 5007.8023 | ET10: 4433.6615 | EU10: 120.11645 | EV10: 103.0516 | EW10: 90.897793 | EX10: 85.190498 | EY10: 64.839029 | EZ10: 6587.0763 | FA10: 6213.7758 | FB10: 6001.3612 | FC10: 6470.4272 | FD10: 5155.6193 | FE10: 81.403799 | FF10: 64.261757 | FG10: 54.413128 | FH10: 49.819542 | FI10: 34.383222 | FJ10: 5936.1703 | FK10: 5576.6354 | FL10: 5483.251 | FM10: 5716.1858 | FN10: 4893.7071 | FO10: 67.95645 | FP10: 59.757936 | FQ10: 53.187962 | FR10: 50.102459 | FS10: 40.45073 | FT10: 5806.6196 | FU10: 5606.317 | FV10: 5314.3264 | FW10: 4593.6384 | FX10: 4417.8349 | FY10: 73.878763 | FZ10: 55.517159 | GA10: 42.82774 | GB10: 36.085087 | GC10: 21.666385 | GD10: 6305.8821 | GE10: 4787.1648 | GF10: 4623.9875 | GG10: 4096.0247 | GH10: 4071.6651 | GI10: 49.747707 | GJ10: 41.670913 | GK10: 34.982173 | GL10: 31.435451 | GM10: 19.848225 | GN10: 5050.4891 | GO10: 4809.6857 | GP10: 4668.473 | GQ10: 3205.5845 | GR10: 3721.6514 | GS10: 65.782236 | GT10: 47.969335 | GU10: 37.140413 | GV10: 34.010153 | GW10: 23.893371 | GX10: 5936.5493 | GY10: 5233.4898 | GZ10: 4768.6422 | HA10: 3807.0731 | HB10: 4683.6465 | HC10: 74.148666 | HD10: 62.064274 | HE10: 47.956297 | HF10: 41.518276 | HG10: 25.026272 | HH10: 5086.9125 | HI10: 5003.3374 | HJ10: 4562.6419 | HK10: 4036.2349 | HL10: 4060.0691 | HM10: 63.707167 | HN10: 50.360963 | HO10: 38.655436 | HP10: 34.40199 | HQ10: 23.419077 | HR10: 5818.3586 | HS10: 5523.2906 | HT10: 5391.7942 | HU10: 5872.0193 | HV10: 4754.5647 | HW10: 82.494299 | HX10: 68.906356 | HY10: 59.462645 | HZ10: 54.611224 | IA10: 43.27665 | IB10: 5870.3847 | IC10: 5666.8932 | ID10: 5684.2791 | IE10: 5639.4811 | IF10: 5188.1459 | IG10: 95.994126 | IH10: 81.651535 | II10: 65.633681 | IJ10: 60.379929 | IK10: 42.923077 | IL10: 5313.9795 | IM10: 4984.5698 | IN10: 5034.3525 | IO10: 4864.5102 | IP10: 4884.1462 | IQ10: 120.9005 | IR10: 105.15682 | IS10: 90.886943 | IT10: 84.214384 | IU10: 62.195801 | IV10: 5362.1345 | IW10: 5295.4083 | IX10: 4841.9014 | IY10: 5345.4488 | IZ10: 4577.5301 | JA10: 80.601498 | JB10: 68.55071 | JC10: 60.45078 | JD10: 55.805995 | JE10: 44.516274 | JF10: 5708.3506 | JG10: 5632.0331 | JH10: 5619.5272 | JI10: 4859.6559 | JJ10: 5358.0113 | JK10: 56.860855 | JL10: 47.746696 | JM10: 38.790714 | JN10: 35.546109 | JO10: 24.845065 | JP10: 5748.9212 | JQ10: 5364.7975 | JR10: 4624.8068 | JS10: 5845.0355 | JT10: 3509.8485 | JU10: 82.249752 | JV10: 67.996434 | JW10: 58.908094 | JX10: 53.670955 | JY10: 33.849804 | JZ10: 4523.8689 | KA10: 4380.3974 | KB10: 4285.7737 | KC10: 3624.9548 | KD10: 3890.8487 | KE10: 96.601063 | KF10: 76.094809 | KG10: 61.637978 | KH10: 55.889177 | KI10: 36.244504 | KJ10: 5928.4039 | KK10: 5288.4811 | KL10: 4766.7021 | KM10: 3850.7369 | KN10: 4600.8724 | KO10: 90.452384 | KP10: 75.158338 | KQ10: 59.024218 | KR10: 51.895167 | KS10: 40.510327 | KT10: 6060.4942 | KU10: 5890.7218 | KV10: 5621.2066 | KW10: 6189.7422 | KX10: 5276.3211 | KY10: 62.758486 | KZ10: 51.140926 | LA10: 43.964789 | LB10: 40.927022 | LC10: 34.764851 | LD10: 5959.5555 | LE10: 6043.8688 | LF10: 5823.1292 | LG10: 5643.5692 | LH10: 5337.7872 | LI10: 99.380111 | LJ10: 81.289612 | LK10: 66.780012 | LL10: 59.963832 | LM10: 41.472497 | LN10: 5160.9488 | LO10: 5173.1169 | LP10: 5036.9168 | LQ10: 4856.7033 | LR10: 4441.0959 | LS10: 88.225009 | LT10: 65.863977 | LU10: 54.323991 | LV10: 50.149384 | LW10: 33.855075 | LX10: 5303.5369 | LY10: 5044.526 | LZ10: 4819.891 | MA10: 4651.4515 | MB10: 3834.3327 | MC10: 96.77535 | MD10: 74.592488 | ME10: 61.550812 | MF10: 54.059833 | MG10: 41.390853 | MH10: 6772.2481 | MI10: 5862.1314 | MJ10: 5307.6951 | MK10: 5834.5903 | ML10: 4813.83 | MM10: 72.503859 | MN10: 57.838717 | MO10: 48.344025 | MP10: 43.823281 | MQ10: 34.250073 | MR10: 5801.9087 | MS10: 5788.1701 | MT10: 5766.2439 | MU10: 6523.6744 | MV10: 5235.6771 | MW10: 100.89289 | MX10: 83.85815 | MY10: 72.545567 | MZ10: 67.148448 | NA10: 50.978132 | NB10: 5659.9073 | NC10: 5730.6609 | ND10: 5748.5496 | NE10: 6318.4084 | NF10: 5002.8956 | NG10: 59.156409 | NH10: 50.468372 | NI10: 41.709988 | NJ10: 38.005881 | NK10: 29.432162 | NL10: 5409.7542 | NM10: 5167.9501 | NN10: 4837.4784 | NO10: 4437.8506 | NP10: 4395.947 | NQ10: 80.407813 | NR10: 67.425597 | NS10: 54.947706 | NT10: 49.384436 | NU10: 37.358804 | NV10: 5943.0269 | NW10: 5771.7891 | NX10: 5245.4555 | NY10: 5456.8931 | NZ10: 4758.6525 | OA10: 78.195093 | OB10: 61.753176 | OC10: 51.292134 | OD10: 46.29191 | OE10: 32.373309 | OF10: 5334.1988 | OG10: 5430.8781 | OH10: 5305.1227 | OI10: 5560.9372 | OJ10: 4457.7284 | OK10: 64.283523 | OL10: 53.099511 | OM10: 42.944634 | ON10: 37.97178 | OO10: 26.590333 | OP10: 5405.8731 | OQ10: 5226.4956 | OR10: 5323.782 | OS10: 5940.1027 | OT10: 4770.3142 | OU10: 79.677335 | OV10: 59.66423 | OW10: 48.908641 | OX10: 43.920011 | OY10: 35.399007 | OZ10: 5482.6394 | PA10: 5301.4713 | PB10: 5195.1256 | PC10: 5716.139 | PD10: 4931.6835 | PE10: 56.475212 | PF10: 50.410535 | PG10: 43.580499 | PH10: 39.929321 | PI10: 28.469909 | PJ10: 5354.0378 | PK10: 5351.4447 | PL10: 5105.7681 | PM10: 5386.0538 | PN10: 5298.7307 | PO10: 56.70628 | PP10: 48.415597 | PQ10: 41.15258 | PR10: 37.526782 | PS10: 26.461975 | PT10: 6336.7576 | PU10: 5954.6257 | PV10: 5545.9696 | PW10: 5045.04 | PX10: 4744.5549 | PY10: 71.50563 | PZ10: 62.231003 | QA10: 52.705197 | QB10: 48.427316 | QC10: 35.025153 | QD10: 6026.8239 | QE10: 5809.0539 | QF10: 5280.4337 | QG10: 5859.5528 | QH10: 4842.2441 | QI10: 62.615697 | QJ10: 47.586746 | QK10: 32.407465 | QL10: 22.643934 | QM10: 2.8694776 | QN10: 5552.3447 | QO10: 5629.806 | QP10: 4869.522 | QQ10: 4622.4296 | QR10: 3427.605 | QS10: 75.863915 | QT10: 62.302542 | QU10: 54.001385 | QV10: 49.694589 | QW10: 30.346874 | QX10: 5781.6229 | QY10: 5797.3039 | QZ10: 5645.2857 | RA10: 6128.6537 | RB10: 5408.1259 | RC10: 69.462736 | RD10: 55.013373 | RE10: 44.182937 | RF10: 38.988846 | RG10: 23.476742 | RH10: 5131.0211 | RI10: 4702.6575 | RJ10: 4646.5136 | RK10: 4540.8656 | RL10: 3798.1787 | RM10: 74.297246 | RN10: 62.929052 | RO10: 53.650713 | RP10: 48.559549 | RQ10: 32.602805 | RR10: 6103.8769 | RS10: 6080.1852 | RT10: 5778.5851 | RU10: 6306.6205 | RV10: 5487.0502
A11: 52.297168 | B11: 40.804751 | C11: 32.793011 | D11: 28.651685 | E11: 13.994386 | F11: 4153.6755 | G11: 4023.1147 | H11: 3939.3645 | I11: 3672.5098 | J11: 2754.7905 | K11: 80.163842 | L11: 67.513251 | M11: 58.979997 | N11: 54.32448 | O11: 40.537144 | P11: 5823.4444 | Q11: 5354.7862 | R11: 5233.8309 | S11: 6198.3797 | T11: 4495.3677 | U11: 75.662852 | V11: 61.110658 | W11: 47.602058 | X11: 40.475422 | Y11: 18.995907 | Z11: 4243.8747 | AA11: 4472.2452 | AB11: 4425.8156 | AC11: 4578.8635 | AD11: 3868.7803 | AE11: 92.511929 | AF11: 78.500392 | AG11: 63.941974 | AH11: 55.109397 | AI11: 37.847824 | AJ11: 5133.1834 | AK11: 4809.3761 | AL11: 4545.1707 | AM11: 4694.311 | AN11: 4241.376 | AO11: 81.739924 | AP11: 63.439186 | AQ11: 50.302493 | AR11: 42.620052 | AS11: 29.421073 | AT11: 5446.8868 | AU11: 4750.2224 | AV11: 4394.8339 | AW11: 4685.4239 | AX11: 3917.2911 | AY11: 73.516455 | AZ11: 62.318074 | BA11: 53.383933 | BB11: 49.461221 | BC11: 34.34607 | BD11: 5452.2202 | BE11: 5352.6866 | BF11: 5239.1656 | BG11: 6489.5452 | BH11: 4701.7286 | BI11: 63.403471 | BJ11: 52.476964 | BK11: 44.480161 | BL11: 39.418057 | BM11: 29.768372 | BN11: 4778.3814 | BO11: 4456.0129 | BP11: 4485.5862 | BQ11: 4910.7075 | BR11: 4538.8588 | BS11: 62.418739 | BT11: 54.52693 | BU11: 46.466648 | BV11: 41.610626 | BW11: 22.302907 | BX11: 4313.7555 | BY11: 4328.9218 | BZ11: 4171.7012 | CA11: 3644.2975 | CB11: 3175.2247 | CC11: 50.363186 | CD11: 42.213198 | CE11: 31.064763 | CF11: 25.678695 | CG11: 11.280832 | CH11: 5006.3277 | CI11: 4925.8178 | CJ11: 4308.3367 | CK11: 3807.3717 | CL11: 3013.1667 | CM11: 70.552442 | CN11: 58.932231 | CO11: 45.637396 | CP11: 36.099326 | CQ11: 22.432364 | CR11: 4499.4182 | CS11: 4339.3872 | CT11: 3946.0155 | CU11: 2489.5471 | CV11: 3194.0798 | CW11: 59.324132 | CX11: 48.270765 | CY11: 37.281565 | CZ11: 33.194818 | DA11: 21.899284 | DB11: 4503.3167 | DC11: 4335.4567 | DD11: 4375.4908 | DE11: 4432.585 | DF11: 3850.4776 | DG11: 76.348474 | DH11: 60.890081 | DI11: 46.812815 | DJ11: 41.622354 | DK11: 32.776588 | DL11: 6307.646 | DM11: 5646.4257 | DN11: 5175.9018 | DO11: 4385.4894 | DP11: 4470.0072 | DQ11: 77.817287 | DR11: 61.200629 | DS11: 51.938607 | DT11: 46.789474 | DU11: 36.409237 | DV11: 5173.9241 | DW11: 5131.8824 | DX11: 5224.1356 | DY11: 4751.3159 | DZ11: 4289.2238 | EA11: 68.875417 | EB11: 56.24568 | EC11: 48.998765 | ED11: 45.598472 | EE11: 34.430692 | EF11: 4810.0979 | EG11: 4448.5929 | EH11: 4355.0202 | EI11: 4449.2446 | EJ11: 4389.3138 | EK11: 70.87225 | EL11: 61.211634 | EM11: 52.882765 | EN11: 48.511716 | EO11: 40.132368 | EP11: 5505.5237 | EQ11: 5213.101 | ER11: 4793.1942 | ES11: 4454.9926 | ET11: 5271.7285 | EU11: 83.491567 | EV11: 74.679488 | EW11: 63.235564 | EX11: 56.182805 | EY11: 42.421106 | EZ11: 5856.5036 | FA11: 5446.7194 | FB11: 5340.6708 | FC11: 5486.1408 | FD11: 5311.2253 | FE11: 76.088685 | FF11: 62.648352 | FG11: 51.794754 | FH11: 44.038232 | FI11: 32.051035 | FJ11: 4925.8711 | FK11: 4581.4439 | FL11: 4775.9642 | FM11: 5213.1471 | FN11: 3905.6422 | FO11: 99.638029 | FP11: 70.521111 | FQ11: 60.242457 | FR11: 56.209846 | FS11: 38.309119 | FT11: 3708.857 | FU11: 3524.9364 | FV11: 3437.7027 | FW11: 3195.1607 | FX11: 2482.614 | FY11: 62.294013 | FZ11: 55.515944 | GA11: 48.028152 | GB11: 42.429755 | GC11: 31.406204 | GD11: 3717.2581 | GE11: 4007.4837 | GF11: 3975.7935 | GG11: 3158.9249 | GH11: 3677.4473 | GI11: 65.551916 | GJ11: 57.589869 | GK11: 50.631721 | GL11: 47.317668 | GM11: 35.237282 | GN11: 5443.9241 | GO11: 5226.4298 | GP11: 5170.7768 | GQ11: 4517.0117 | GR11: 4515.9468 | GS11: 78.318698 | GT11: 69.041058 | GU11: 61.043595 | GV11: 56.658185 | GW11: 43.902841 | GX11: 5392.036 | GY11: 5422.502 | GZ11: 5135.1683 | HA11: 4773.1237 | HB11: 4650.4035 | HC11: 67.258553 | HD11: 54.523844 | HE11: 45.066349 | HF11: 40.490641 | HG11: 27.991521 | HH11: 3924.8447 | HI11: 4407.9591 | HJ11: 4042.9897 | HK11: 2309.1574 | HL11: 3436.4765 | HM11: 72.15247 | HN11: 50.546272 | HO11: 32.482691 | HP11: 25.159253 | HQ11: 3.6700545 | HR11: 4220.5361 | HS11: 4387.3846 | HT11: 3687.3644 | HU11: 2639.7844 | HV11: 2566.6646 | HW11: 72.385286 | HX11: 50.265935 | HY11: 36.089863 | HZ11: 27.156933 | IA11: 11.972938 | IB11: 4188.4325 | IC11: 4273.9166 | ID11: 4183.1729 | IE11: 3655.4832 | IF11: 3559.8294 | IG11: 79.191804 | IH11: 61.602829 | II11: 49.565789 | IJ11: 45.440942 | IK11: 35.134881 | IL11: 4447.6395 | IM11: 4370.4661 | IN11: 4027.1616 | IO11: 4683.3506 | IP11: 4052.9281 | IQ11: 61.920316 | IR11: 49.63222 | IS11: 37.085004 | IT11: 32.588746 | IU11: 14.932977 | IV11: 4490.1957 | IW11: 4552.4452 | IX11: 4104.762 | IY11: 5268.586 | IZ11: 3429.9566 | JA11: 70.922438 | JB11: 60.84512 | JC11: 45.615561 | JD11: 39.152955 | JE11: 27.681712 | JF11: 4659.0446 | JG11: 4884.3251 | JH11: 4773.8741 | JI11: 4460.9728 | JJ11: 4290.0119 | JK11: 91.13531 | JL11: 72.290834 | JM11: 63.611574 | JN11: 60.12699 | JO11: 48.48783 | JP11: 5220.3101 | JQ11: 5215.2421 | JR11: 5323.6607 | JS11: 4977.9859 | JT11: 5048.9021 | JU11: 71.362242 | JV11: 58.612392 | JW11: 48.218805 | JX11: 41.162441 | JY11: 26.947193 | JZ11: 5021.6968 | KA11: 4829.6355 | KB11: 4725.955 | KC11: 5808.6908 | KD11: 4207.0176 | KE11: 94.343681 | KF11: 82.976355 | KG11: 67.998321 | KH11: 60.760462 | KI11: 37.972547 | KJ11: 4953.802 | KK11: 4813.8721 | KL11: 4708.3112 | KM11: 5122.3309 | KN11: 4738.9208 | KO11: 76.280881 | KP11: 66.661949 | KQ11: 54.541058 | KR11: 49.783644 | KS11: 39.069912 | KT11: 4702.9583 | KU11: 4864.5761 | KV11: 4678.6626 | KW11: 5740.1097 | KX11: 4134.3356 | KY11: 133.95372 | KZ11: 107.40558 | LA11: 92.02549 | LB11: 85.029959 | LC11: 64.450805 | LD11: 5042.5805 | LE11: 4514.6636 | LF11: 4459.188 | LG11: 5479.9927 | LH11: 3806.4121 | LI11: 56.171486 | LJ11: 46.265658 | LK11: 37.596077 | LL11: 33.560701 | LM11: 20.204465 | LN11: 4797.6615 | LO11: 4883.9699 | LP11: 4398.4176 | LQ11: 4375.9629 | LR11: 3910.7845 | LS11: 79.776734 | LT11: 69.883017 | LU11: 58.530295 | LV11: 52.588707 | LW11: 32.521502 | LX11: 4714.0115 | LY11: 4534.5349 | LZ11: 4508.5697 | MA11: 3914.571 | MB11: 4117.161 | MC11: 75.209658 | MD11: 64.120554 | ME11: 49.513491 | MF11: 44.177821 | MG11: 22.377791 | MH11: 4755.4086 | MI11: 4994.005 | MJ11: 5022.1067 | MK11: 5010.124 | ML11: 4882.618 | MM11: 68.251749 | MN11: 58.166621 | MO11: 47.254708 | MP11: 42.776896 | MQ11: 32.02947 | MR11: 4936.6622 | MS11: 5286.9365 | MT11: 5258.6858 | MU11: 5113.127 | MV11: 4935.9823 | MW11: 83.111526 | MX11: 71.430223 | MY11: 62.125483 | MZ11: 57.351971 | NA11: 43.839867 | NB11: 4776.2903 | NC11: 4769.6158 | ND11: 4515.3526 | NE11: 3958.7549 | NF11: 4338.609 | NG11: 73.476334 | NH11: 51.379583 | NI11: 39.315757 | NJ11: 35.570962 | NK11: 20.104556 | NL11: 5503.7838 | NM11: 4844.9276 | NN11: 4563.0578 | NO11: 4999.9896 | NP11: 4141.6597 | NQ11: 83.930293 | NR11: 68.378516 | NS11: 58.616899 | NT11: 54.696452 | NU11: 40.249901 | NV11: 4853.0399 | NW11: 4702.5495 | NX11: 4652.7294 | NY11: 4997.5001 | NZ11: 4693.9258 | OA11: 68.803488 | OB11: 55.383231 | OC11: 47.142811 | OD11: 43.462757 | OE11: 30.556795 | OF11: 5234.7024 | OG11: 4949.025 | OH11: 4934.7356 | OI11: 4290.6044 | OJ11: 4666.4545 | OK11: 79.359389 | OL11: 65.705598 | OM11: 56.749173 | ON11: 52.702126 | OO11: 38.395376 | OP11: 5436.5005 | OQ11: 5664.0086 | OR11: 5538.6953 | OS11: 6465.7433 | OT11: 4789.2859 | OU11: 73.42724 | OV11: 57.826787 | OW11: 43.268965 | OX11: 37.562878 | OY11: 17.965422 | OZ11: 4384.0332 | PA11: 3986.8064 | PB11: 3618.8506 | PC11: 3700.8711 | PD11: 3311.2099 | PE11: 63.469598 | PF11: 55.791387 | PG11: 45.252946 | PH11: 39.453521 | PI11: 21.049036 | PJ11: 4058.7126 | PK11: 4085.1205 | PL11: 3683.4881 | PM11: 3805.382 | PN11: 3245.3943 | PO11: 92.10362 | PP11: 77.569704 | PQ11: 64.43487 | PR11: 57.328583 | PS11: 22.379941 | PT11: 5564.0518 | PU11: 4792.6654 | PV11: 4656.7935 | PW11: 4739.9913 | PX11: 4565.0574 | PY11: 79.172813 | PZ11: 56.996136 | QA11: 44.204447 | QB11: 36.448089 | QC11: 13.429119 | QD11: 5260.7569 | QE11: 4916.8324 | QF11: 4508.2096 | QG11: 4277.6698 | QH11: 4360.0812 | QI11: 60.986872 | QJ11: 53.376119 | QK11: 46.083821 | QL11: 41.334161 | QM11: 29.789735 | QN11: 5828.2054 | QO11: 5943.3326 | QP11: 5891.032 | QQ11: 5789.393 | QR11: 5522.2446 | QS11: 98.097086 | QT11: 76.455606 | QU11: 60.796162 | QV11: 52.291751 | QW11: 33.957623 | QX11: 4716.7388 | QY11: 4851.5521 | QZ11: 4761.2292 | RA11: 4155.2533 | RB11: 4282.9337 | RC11: 88.346509 | RD11: 66.107841 | RE11: 46.701067 | RF11: 40.43746 | RG11: 11.536117 | RH11: 4995.6736 | RI11: 4996.6246 | RJ11: 4840.2623 | RK11: 5227.828 | RL11: 4296.272 | RM11: 89.853297 | RN11: 72.89671 | RO11: 57.806224 | RP11: 49.596473 | RQ11: 33.606433 | RR11: 4937.5094 | RS11: 4866.8962 | RT11: 4967.2953 | RU11: 3619.8971 | RV11: 4729.1179
A12: 106.96706 | B12: 88.0039 | C12: 72.245491 | D12: 64.984574 | E12: 39.925805 | F12: 5673.5076 | G12: 5534.924 | H12: 5732.7859 | I12: 5803.6896 | J12: 5632.461 | K12: 54.832397 | L12: 42.904652 | M12: 32.514328 | N12: 27.648793 | O12: 18.514531 | P12: 4992.8914 | Q12: 4673.892 | R12: 4273.1194 | S12: 5777.8804 | T12: 4225.9135 | U12: 114.86162 | V12: 95.01271 | W12: 78.184056 | X12: 69.615115 | Y12: 54.640064 | Z12: 4936.4923 | AA12: 4793.7738 | AB12: 5137.3797 | AC12: 5171.7303 | AD12: 5021.4804 | AE12: 90.432445 | AF12: 76.893409 | AG12: 66.326618 | AH12: 61.21507 | AI12: 48.936682 | AJ12: 4980.3876 | AK12: 5003.5324 | AL12: 4909.2934 | AM12: 4541.5759 | AN12: 4622.1482 | AO12: 106.98091 | AP12: 91.307197 | AQ12: 75.661556 | AR12: 65.809673 | AS12: 50.957621 | AT12: 6472.3599 | AU12: 5675.5521 | AV12: 5417.608 | AW12: 4880.0532 | AX12: 5142.6834 | AY12: 67.237203 | AZ12: 58.865057 | BA12: 50.674723 | BB12: 47.118895 | BC12: 38.131103 | BD12: 4860.771 | BE12: 5190.7331 | BF12: 5278.9424 | BG12: 4513.4239 | BH12: 5580.0212 | BI12: 94.887733 | BJ12: 80.323145 | BK12: 63.646569 | BL12: 56.146572 | BM12: 39.438968 | BN12: 4235.8556 | BO12: 4312.7338 | BP12: 4769.9506 | BQ12: 3572.9946 | BR12: 3862.3631 | BS12: 80.626863 | BT12: 63.441396 | BU12: 48.13762 | BV12: 38.523164 | BW12: -0.011474993 | BX12: 5190.5591 | BY12: 5218.1291 | BZ12: 4873.9275 | CA12: 4397.2837 | CB12: 3127.6851 | CC12: 85.150173 | CD12: 69.174267 | CE12: 53.347981 | CF12: 45.671325 | CG12: 22.78387 | CH12: 5131.0287 | CI12: 4758.8389 | CJ12: 4240.0207 | CK12: 5154.4409 | CL12: 3680.8485 | CM12: 51.838655 | CN12: 42.755707 | CO12: 38.335362 | CP12: 35.934639 | CQ12: 24.726961 | CR12: 5564.0125 | CS12: 5233.1148 | CT12: 5025.6628 | CU12: 4051.0861 | CV12: 4288.205 | CW12: 101.62998 | CX12: 86.606088 | CY12: 71.383921 | CZ12: 62.472087 | DA12: 46.150838 | DB12: 6768.2299 | DC12: 6336.863 | DD12: 5881.4802 | DE12: 6083.4794 | DF12: 5158.5017 | DG12: 73.237577 | DH12: 63.776277 | DI12: 55.108234 | DJ12: 50.843528 | DK12: 39.563563 | DL12: 5276.2783 | DM12: 5493.2215 | DN12: 5354.7172 | DO12: 5711.009 | DP12: 4466.4136 | DQ12: 87.343719 | DR12: 74.661167 | DS12: 63.536803 | DT12: 58.978465 | DU12: 47.34496 | DV12: 4826.4547 | DW12: 4789.7725 | DX12: 4925.2211 | DY12: 5803.4064 | DZ12: 4651.8292 | EA12: 116.25126 | EB12: 101.53284 | EC12: 88.906822 | ED12: 81.6887 | EE12: 65.994663 | EF12: 5915.7052 | EG12: 5546.1225 | EH12: 5350.785 | EI12: 4554.6271 | EJ12: 5049.7109 | EK12: 68.182131 | EL12: 58.085186 | EM12: 49.982924 | EN12: 46.781835 | EO12: 38.650915 | EP12: 6127.6143 | EQ12: 6178.6106 | ER12: 5891.2392 | ES12: 4783.029 | ET12: 5976.8261 | EU12: 90.506013 | EV12: 75.991025 | EW12: 62.19129 | EX12: 54.168403 | EY12: 38.524579 | EZ12: 5429.7038 | FA12: 5346.7082 | FB12: 5150.855 | FC12: 4089.7811 | FD12: 4290.1213 | FE12: 64.302 | FF12: 55.859525 | FG12: 47.00732 | FH12: 41.881106 | FI12: 27.289987 | FJ12: 3825.0304 | FK12: 3730.6986 | FL12: 3666.4618 | FM12: 4191.6501 | FN12: 3272.4922 | FO12: 104.01795 | FP12: 88.101777 | FQ12: 78.086608 | FR12: 73.27483 | FS12: 58.103636 | FT12: 4595.4642 | FU12: 4533.2497 | FV12: 4436.0583 | FW12: 2982.8386 | FX12: 4364.5434 | FY12: 90.359562 | FZ12: 73.840229 | GA12: 66.151224 | GB12: 62.247139 | GC12: 45.92558 | GD12: 5894.6161 | GE12: 5828.0626 | GF12: 5736.8294 | GG12: 4967.1123 | GH12: 5295.778 | GI12: 122.90735 | GJ12: 95.910597 | GK12: 81.880056 | GL12: 74.916631 | GM12: 61.207763 | GN12: 5776.8928 | GO12: 5702.6797 | GP12: 5459.6892 | GQ12: 4755.4898 | GR12: 5721.7334 | GS12: 102.46782 | GT12: 80.111708 | GU12: 62.830555 | GV12: 55.770232 | GW12: 43.571577 | GX12: 4450.7576 | GY12: 4314.9904 | GZ12: 4193.1117 | HA12: 3212.3545 | HB12: 4259.491 | HC12: 95.665038 | HD12: 78.476386 | HE12: 56.324321 | HF12: 46.321505 | HG12: 0.1938941 | HH12: 3851.355 | HI12: 4078.0658 | HJ12: 4062.4397 | HK12: 6571.8734 | HL12: 2591.5539 | HM12: 67.121178 | HN12: 58.793701 | HO12: 43.343813 | HP12: 31.496293 | HQ12: 5.5513493 | HR12: 4927.3864 | HS12: 4786.3729 | HT12: 4529.1339 | HU12: 4466.6697 | HV12: 3946.5699 | HW12: 67.797899 | HX12: 57.426677 | HY12: 49.332015 | HZ12: 45.514259 | IA12: 35.274264 | IB12: 4548.9543 | IC12: 4452.7607 | ID12: 4275.5915 | IE12: 4374.7971 | IF12: 4277.3342 | IG12: 67.63759 | IH12: 46.650969 | II12: 34.165173 | IJ12: 27.946973 | IK12: 15.133942 | IL12: 5050.1407 | IM12: 4734.0243 | IN12: 4302.5951 | IO12: 3190.6233 | IP12: 4273.8935 | IQ12: 79.463587 | IR12: 62.589023 | IS12: 49.969343 | IT12: 45.608581 | IU12: 22.532897 | IV12: 5460.6485 | IW12: 5545.0593 | IX12: 5321.8695 | IY12: 4889.3678 | IZ12: 5042.4614 | JA12: 120.8316 | JB12: 104.36729 | JC12: 90.115501 | JD12: 81.871949 | JE12: 61.590655 | JF12: 6081.0057 | JG12: 5876.5785 | JH12: 5842.0955 | JI12: 5413.5553 | JJ12: 5681.1898 | JK12: 96.831519 | JL12: 75.205817 | JM12: 59.12156 | JN12: 52.810732 | JO12: 39.987287 | JP12: 5470.8704 | JQ12: 5289.6498 | JR12: 5098.4192 | JS12: 5450.3006 | JT12: 5157.2475 | JU12: 76.557403 | JV12: 63.907538 | JW12: 49.700586 | JX12: 44.88097 | JY12: 31.993098 | JZ12: 5265.0727 | KA12: 5161.924 | KB12: 5127.04 | KC12: 5523.7686 | KD12: 4817.2926 | KE12: 61.107518 | KF12: 52.029358 | KG12: 40.671462 | KH12: 35.360033 | KI12: 23.771799 | KJ12: 5418.69 | KK12: 5596.4607 | KL12: 5289.1579 | KM12: 4959.4287 | KN12: 4800.3268 | KO12: 104.30041 | KP12: 89.1399 | KQ12: 74.114555 | KR12: 66.062587 | KS12: 46.94331 | KT12: 4818.5474 | KU12: 4685.3008 | KV12: 4543.0246 | KW12: 5442.4418 | KX12: 4584.3403 | KY12: 86.931933 | KZ12: 70.228517 | LA12: 55.69733 | LB12: 48.239264 | LC12: 29.711534 | LD12: 5197.7546 | LE12: 4914.6235 | LF12: 4690.8913 | LG12: 4096.4289 | LH12: 3894.2051 | LI12: 85.278423 | LJ12: 72.970249 | LK12: 63.589812 | LL12: 58.704219 | LM12: 38.513096 | LN12: 4793.8409 | LO12: 4853.1527 | LP12: 4787.9086 | LQ12: 4214.4013 | LR12: 4078.621 | LS12: 96.243696 | LT12: 81.648285 | LU12: 64.985819 | LV12: 56.683732 | LW12: 40.079984 | LX12: 5061.6133 | LY12: 5165.1873 | LZ12: 5211.9935 | MA12: 4342.5234 | MB12: 5376.9026 | MC12: 135.08363 | MD12: 113.09274 | ME12: 98.664323 | MF12: 91.907101 | MG12: 70.427112 | MH12: 5415.0934 | MI12: 5574.9238 | MJ12: 5557.2505 | MK12: 6291.5325 | ML12: 5575.4362 | MM12: 92.571732 | MN12: 81.13325 | MO12: 68.104722 | MP12: 59.355766 | MQ12: 46.137151 | MR12: 4751.5281 | MS12: 4889.2837 | MT12: 4840.9381 | MU12: 4488.7412 | MV12: 5081.7521 | MW12: 78.496253 | MX12: 65.855285 | MY12: 48.740514 | MZ12: 42.746287 | NA12: 28.667572 | NB12: 5472.5151 | NC12: 5238.5947 | ND12: 5016.8156 | NE12: 4498.6432 | NF12: 4883.3755 | NG12: 77.060862 | NH12: 64.14873 | NI12: 55.621728 | NJ12: 51.628718 | NK12: 40.574553 | NL12: 5353.9028 | NM12: 5142.3495 | NN12: 4937.3844 | NO12: 4339.54 | NP12: 4892.9953 | NQ12: 96.644851 | NR12: 78.234879 | NS12: 63.922653 | NT12: 55.04921 | NU12: 39.304137 | NV12: 5165.8415 | NW12: 5059.3209 | NX12: 5075.8706 | NY12: 5363.7086 | NZ12: 5466.7234 | OA12: 74.436582 | OB12: 64.09334 | OC12: 56.197375 | OD12: 52.600801 | OE12: 44.744088 | OF12: 6003.6672 | OG12: 6294.2184 | OH12: 6099.1665 | OI12: 5616.8849 | OJ12: 5505.0685 | OK12: 68.409365 | OL12: 57.563593 | OM12: 46.867399 | ON12: 42.349055 | OO12: 29.187696 | OP12: 3997.7096 | OQ12: 3564.0548 | OR12: 3708.9285 | OS12: 3870.2168 | OT12: 2921.4013 | OU12: 96.014778 | OV12: 82.861566 | OW12: 71.39807 | OX12: 66.090417 | OY12: 43.924046 | OZ12: 4184.4173 | PA12: 4047.8556 | PB12: 4052.6235 | PC12: 5002.0431 | PD12: 4088.9821 | PE12: 67.294709 | PF12: 59.001286 | PG12: 50.423466 | PH12: 45.727087 | PI12: 29.231448 | PJ12: 5057.393 | PK12: 5288.2742 | PL12: 4875.2245 | PM12: 4529.9474 | PN12: 3922.3843 | PO12: 104.47179 | PP12: 84.901707 | PQ12: 55.754705 | PR12: 39.048986 | PS12: 10.040863 | PT12: 5386.0048 | PU12: 5286.4235 | PV12: 4729.5697 | PW12: 4921.0787 | PX12: 4046.1711 | PY12: 119.05854 | PZ12: 99.08838 | QA12: 83.875752 | QB12: 77.268167 | QC12: 61.473764 | QD12: 5996.8789 | QE12: 6081.4636 | QF12: 6104.3074 | QG12: 5102.2974 | QH12: 6344.3683 | QI12: 101.91154 | QJ12: 79.821243 | QK12: 62.044478 | QL12: 54.129566 | QM12: 32.809985 | QN12: 5382.8661 | QO12: 4879.0365 | QP12: 4963.952 | QQ12: 6005.8389 | QR12: 4469.2756 | QS12: 66.257123 | QT12: 54.839992 | QU12: 44.622596 | QV12: 37.968118 | QW12: 10.410167 | QX12: 5445.1076 | QY12: 5251.9783 | QZ12: 5191.3542 | RA12: 4817.4662 | RB12: 4403.2053 | RC12: 74.887567 | RD12: 66.329613 | RE12: 57.588296 | RF12: 53.214884 | RG12: 38.178609 | RH12: 5357.9937 | RI12: 5395.6212 | RJ12: 5300.1826 | RK12: 5009.6517 | RL12: 5058.1369 | RM12: 61.503822 | RN12: 43.587282 | RO12: 34.593879 | RP12: 30.51623 | RQ12: 16.431552 | RR12: 4716.8003 | RS12: 4158.5834 | RT12: 3950.8413 | RU12: 3857.9706 | RV12: 3195.4937
... A60: 66.758411 | B60: 51.537325 | C60: 43.556334 | D60: 39.30948 | E60: 27.143113 | F60: 5822.4827 | G60: 5589.4082 | H60: 5055.1254 | I60: 5397.1174 | J60: 4763.7343 | K60: 43.697695 | L60: 38.047175 | M60: 31.795976 | N60: 29.432697 | O60: 22.583097 | P60: 5836.2394 | Q60: 5758.5512 | R60: 5403.6329 | S60: 5826.4477 | T60: 4832.2248 | U60: 62.730938 | V60: 49.825594 | W60: 40.616755 | X60: 37.220882 | Y60: 29.197639 | Z60: 5316.2786 | AA60: 4772.2852 | AB60: 4557.9135 | AC60: 5753.2836 | AD60: 3739.9285 | AE60: 65.045857 | AF60: 49.889868 | AG60: 42.153616 | AH60: 39.133579 | AI60: 27.234164 | AJ60: 4629.9617 | AK60: 3823.6006 | AL60: 3768.6448 | AM60: 2865.3204 | AN60: 3785.0958 | AO60: 69.405938 | AP60: 55.345905 | AQ60: 44.498538 | AR60: 39.123088 | AS60: 26.427783 | AT60: 5808.6309 | AU60: 5109.4405 | AV60: 4932.6833 | AW60: 6279.5826 | AX60: 4030.4911 | AY60: 37.857701 | AZ60: 31.939185 | BA60: 26.471912 | BB60: 23.18021 | BC60: 16.204014 | BD60: 4518.7219 | BE60: 4204.6855 | BF60: 4307.6439 | BG60: 3706.4544 | BH60: 4009.5269 | BI60: 46.957972 | BJ60: 41.214982 | BK60: 34.247591 | BL60: 29.395241 | BM60: 19.257943 | BN60: 5152.8136 | BO60: 4947.0242 | BP60: 4837.8528 | BQ60: 3700.9805 | BR60: 4790.0201 | BS60: 82.358879 | BT60: 66.212313 | BU60: 54.104882 | BV60: 49.315422 | BW60: 34.348589 | BX60: 4723.122 | BY60: 5055.8309 | BZ60: 5420.6972 | CA60: 4655.7062 | CB60: 5796.6595 | CC60: 113.2661 | CD60: 90.222065 | CE60: 72.662751 | CF60: 63.672642 | CG60: 42.412802 | CH60: 5705.3746 | CI60: 5473.2097 | CJ60: 5261.9304 | CK60: 3776.4832 | CL60: 4690.423 | CM60: 80.916318 | CN60: 68.796053 | CO60: 58.767399 | CP60: 54.577153 | CQ60: 45.013497 | CR60: 5678.5555 | CS60: 5569.0346 | CT60: 5215.8901 | CU60: 3984.5139 | CV60: 4684.6461 | CW60: 72.674633 | CX60: 61.180095 | CY60: 50.978604 | CZ60: 46.737756 | DA60: 35.379632 | DB60: 4771.8158 | DC60: 4876.2865 | DD60: 4782.8605 | DE60: 5463.1159 | DF60: 4883.4103 | DG60: 104.42372 | DH60: 88.046989 | DI60: 73.847533 | DJ60: 69.193807 | DK60: 53.54164 | DL60: 4376.2144 | DM60: 4271.9055 | DN60: 4177.7829 | DO60: 3001.56 | DP60: 4316.9724 | DQ60: 68.56203 | DR60: 59.395674 | DS60: 50.693797 | DT60: 46.093576 | DU60: 24.123008 | DV60: 4271.0349 | DW60: 4024.8064 | DX60: 3917.8702 | DY60: 2616.6525 | DZ60: 3468.7539 | EA60: 72.99127 | EB60: 61.395099 | EC60: 51.452756 | ED60: 46.635857 | EE60: 36.438207 | EF60: 5194.3732 | EG60: 4913.4469 | EH60: 4891.6816 | EI60: 6182.8627 | EJ60: 4575.784 | EK60: 63.542842 | EL60: 46.372227 | EM60: 37.315638 | EN60: 32.043015 | EO60: 23.767611 | EP60: 4458.7983 | EQ60: 4437.3064 | ER60: 4730.6065 | ES60: 4734.4273 | ET60: 4526.9177 | EU60: 97.593144 | EV60: 73.526359 | EW60: 62.084739 | EX60: 54.84497 | EY60: 39.125452 | EZ60: 6136.0074 | FA60: 5660.2382 | FB60: 5529.3975 | FC60: 5835.402 | FD60: 4809.2888 | FE60: 78.121864 | FF60: 68.810561 | FG60: 61.061208 | FH60: 57.147132 | FI60: 44.849477 | FJ60: 6380.7758 | FK60: 5949.1999 | FL60: 5770.8249 | FM60: 5293.7144 | FN60: 5403.4216 | FO60: 56.739082 | FP60: 44.288312 | FQ60: 31.932419 | FR60: 26.23906 | FS60: 14.376036 | FT60: 4341.0846 | FU60: 3835.0847 | FV60: 3450.0094 | FW60: 3217.346 | FX60: 2749.2886 | FY60: 52.350265 | FZ60: 41.555246 | GA60: 34.586856 | GB60: 31.971394 | GC60: 25.641314 | GD60: 5015.2097 | GE60: 4926.8898 | GF60: 4736.0058 | GG60: 5882.9122 | GH60: 4922.1271 | GI60: 85.864288 | GJ60: 70.16048 | GK60: 47.486624 | GL60: 39.588696 | GM60: 28.352922 | GN60: 4790.4358 | GO60: 4341.3357 | GP60: 4155.7005 | GQ60: 4404.5596 | GR60: 3436.6239 | GS60: 82.384411 | GT60: 69.118706 | GU60: 56.84517 | GV60: 49.363707 | GW60: 36.119959 | GX60: 4728.7532 | GY60: 4619.455 | GZ60: 4400.837 | HA60: 5188.1033 | HB60: 4323.7997 | HC60: 53.891619 | HD60: 44.207043 | HE60: 35.772149 | HF60: 30.277647 | HG60: 19.511237 | HH60: 3824.4652 | HI60: 3863.7322 | HJ60: 3633.9507 | HK60: 4610.9819 | HL60: 3747.009 | HM60: 59.424884 | HN60: 49.676197 | HO60: 40.973028 | HP60: 36.662898 | HQ60: 26.699192 | HR60: 5397.1132 | HS60: 5218.727 | HT60: 5019.5501 | HU60: 5528.6259 | HV60: 4740.2887 | HW60: 71.560109 | HX60: 60.119627 | HY60: 50.198614 | HZ60: 45.523675 | IA60: 37.261207 | IB60: 4919.1838 | IC60: 4831.4059 | ID60: 4878.463 | IE60: 4073.2811 | IF60: 4829.1915 | IG60: 94.064035 | IH60: 78.691201 | II60: 66.537492 | IJ60: 61.340342 | IK60: 45.372992 | IL60: 4863.8242 | IM60: 4768.2289 | IN60: 4658.4732 | IO60: 5794.5365 | IP60: 4176.7739 | IQ60: 85.935582 | IR60: 72.694528 | IS60: 61.377195 | IT60: 54.856137 | IU60: 37.189396 | IV60: 4987.3553 | IW60: 5161.0101 | IX60: 4854.9727 | IY60: 4813.6629 | IZ60: 4435.046 | JA60: 66.646288 | JB60: 56.106984 | JC60: 48.403271 | JD60: 45.06249 | JE60: 33.764716 | JF60: 4651.9582 | JG60: 4250.0307 | JH60: 4065.3483 | JI60: 4062.5667 | JJ60: 4212.5336 | JK60: 52.352445 | JL60: 41.919928 | JM60: 34.744523 | JN60: 31.621284 | JO60: 21.882291 | JP60: 5305.9217 | JQ60: 4639.5677 | JR60: 4233.1856 | JS60: 4556.6459 | JT60: 4270.433 | JU60: 76.695476 | JV60: 57.480702 | JW60: 46.46977 | JX60: 41.678367 | JY60: 26.667511 | JZ60: 5302.5586 | KA60: 4101.5666 | KB60: 3828.9505 | KC60: 4620.2504 | KD60: 3071.5282 | KE60: 63.399857 | KF60: 51.780562 | KG60: 44.571149 | KH60: 41.56732 | KI60: 34.206888 | KJ60: 5052.6609 | KK60: 4720.9467 | KL60: 4738.7209 | KM60: 5433.8647 | KN60: 3933.1582 | KO60: 107.54355 | KP60: 86.269333 | KQ60: 67.128572 | KR60: 58.521732 | KS60: 44.087899 | KT60: 4195.5885 | KU60: 4361.3552 | KV60: 4425.372 | KW60: 4671.009 | KX60: 3693.5542 | KY60: 71.214376 | KZ60: 60.956549 | LA60: 50.733749 | LB60: 45.651586 | LC60: 32.902669 | LD60: 4598.29 | LE60: 4560.8862 | LF60: 4147.5013 | LG60: 4000.8631 | LH60: 3609.7431 | LI60: 91.105518 | LJ60: 77.093242 | LK60: 63.964814 | LL60: 57.326729 | LM60: 41.922659 | LN60: 5388.0617 | LO60: 4931.7663 | LP60: 4670.7327 | LQ60: 5214.5812 | LR60: 3908.7169 | LS60: 55.692807 | LT60: 47.518834 | LU60: 39.762076 | LV60: 36.554102 | LW60: 23.565533 | LX60: 4888.7121 | LY60: 4572.0173 | LZ60: 4525.7328 | MA60: 5081.6791 | MB60: 4146.7069 | MC60: 64.032094 | MD60: 51.337537 | ME60: 37.47674 | MF60: 33.929557 | MG60: 27.228596 | MH60: 4572.3337 | MI60: 4322.7249 | MJ60: 4004.7843 | MK60: 4210.0372 | ML60: 3719.664 | MM60: 42.354167 | MN60: 37.318369 | MO60: 31.621026 | MP60: 27.641747 | MQ60: 20.230244 | MR60: 4989.3433 | MS60: 4933.234 | MT60: 5285.4913 | MU60: 6233.7047 | MV60: 5226.653 | MW60: 85.195557 | MX60: 74.035111 | MY60: 58.573142 | MZ60: 47.269089 | NA60: 31.569265 | NB60: 5204.037 | NC60: 5003.7316 | ND60: 4656.5532 | NE60: 5129.8657 | NF60: 3542.8923 | NG60: 67.474991 | NH60: 56.816237 | NI60: 46.745595 | NJ60: 40.356717 | NK60: 23.632007 | NL60: 4575.5075 | NM60: 4749.6466 | NN60: 4778.9637 | NO60: 5062.3419 | NP60: 4000.8465 | NQ60: 71.909577 | NR60: 62.284947 | NS60: 54.312658 | NT60: 50.435656 | NU60: 40.485473 | NV60: 3849.0537 | NW60: 3399.6992 | NX60: 3085.4337 | NY60: 4033.4313 | NZ60: 3547.9896 | OA60: 65.18469 | OB60: 54.575759 | OC60: 45.697998 | OD60: 41.149898 | OE60: 27.731002 | OF60: 5074.943 | OG60: 4832.2144 | OH60: 4264.316 | OI60: 4003.2009 | OJ60: 3802.726 | OK60: 73.587621 | OL60: 63.267425 | OM60: 52.71833 | ON60: 46.872787 | OO60: 31.780679 | OP60: 4880.1896 | OQ60: 4799.8415 | OR60: 4632.0831 | OS60: 4569.4766 | OT60: 3763.5818 | OU60: 74.074506 | OV60: 59.657288 | OW60: 51.56313 | OX60: 46.801308 | OY60: 30.922288 | OZ60: 5335.2628 | PA60: 5483.5432 | PB60: 4955.5833 | PC60: 4347.4459 | PD60: 4821.4747 | PE60: 85.633087 | PF60: 69.108962 | PG60: 56.868176 | PH60: 50.378522 | PI60: 34.710486 | PJ60: 4620.9988 | PK60: 4557.7337 | PL60: 4437.0961 | PM60: 4179.2216 | PN60: 3595.6372 | PO60: 44.802084 | PP60: 36.43438 | PQ60: 28.421484 | PR60: 22.282789 | PS60: 14.318869 | PT60: 4548.185 | PU60: 4540.9505 | PV60: 4556.0582 | PW60: 4497.1359 | PX60: 4302.9664 | PY60: 46.041624 | PZ60: 38.00904 | QA60: 33.010284 | QB60: 30.409247 | QC60: 23.423219 | QD60: 4969.6439 | QE60: 4845.5698 | QF60: 4674.5257 | QG60: 3888.8613 | QH60: 4595.1349 | QI60: 83.861491 | QJ60: 70.191662 | QK60: 61.260556 | QL60: 56.473238 | QM60: 40.701002 | QN60: 5257.4822 | QO60: 5039.8714 | QP60: 4944.5594 | QQ60: 4486.178 | QR60: 4691.6275 | QS60: 71.962138 | QT60: 54.491521 | QU60: 42.966241 | QV60: 38.226779 | QW60: 28.81177 | QX60: 4514.3805 | QY60: 3753.1623 | QZ60: 3592.5233 | RA60: 2303.9026 | RB60: 3732.0172 | RC60: 68.351839 | RD60: 57.145917 | RE60: 45.521102 | RF60: 40.177778 | RG60: 30.584886 | RH60: 4615.8992 | RI60: 4911.0299 | RJ60: 4634.1214 | RK60: 4813.3887 | RL60: 4429.7517 | RM60: 72.313262 | RN60: 63.717061 | RO60: 51.667963 | RP60: 43.666906 | RQ60: 28.802281 | RR60: 5317.0274 | RS60: 5307.9312 | RT60: 4738.6697 | RU60: 4372.8936 | RV60: 4529.9735

Sheet Sys Redisual Daily Energy H16
A1: 44531 | B1: =YEAR(A1) -> 2021 | C1: =MONTH(A1) -> 12 | D1: 50.729 | E1: 45.952 | F1: 49.167 | G1: 44.742 | H1: 48.246 | I1: 45.323 | J1: 50.987 | K1: 48.993 | L1: 44.283 | M1: 47.073 | N1: 49.47 | O1: 49.663 | P1: 54.514 | Q1: 54.598 | R1: 46.11 | S1: 46.444 | T1: 47.358 | U1: 47.244 | V1: 47.692 | W1: 45.739 | X1: 48.922 | Y1: 51.547 | Z1: 48.727 | AA1: 54.219 | AB1: 50.783 | AC1: 47.953 | AD1: 45.865 | AE1: 47.071 | AF1: 52.059 | AG1: 48.693 | AH1: 50.264 | AI1: 49.189 | AJ1: 45.646 | AK1: 48.951 | AL1: 48.169 | AM1: 48.621 | AN1: 47.718 | AO1: 46.014 | AP1: 46.705 | AQ1: 51.365 | AR1: 47.397 | AS1: 53.137 | AT1: 46.443 | AU1: 45.18 | AV1: 48.665 | AW1: 51.707 | AX1: 49.959 | AY1: 52.975 | AZ1: 47.608
A2: 44532 | B2: =YEAR(A2) -> 2021 | C2: =MONTH(A2) -> 12 | D2: 56.792 | E2: 49.364 | F2: 54.76 | G2: 48.387 | H2: 52.849 | I2: 49.219 | J2: 57.758 | K2: 54.524 | L2: 48.711 | M2: 51.356 | N2: 54.328 | O2: 54.229 | P2: 59.458 | Q2: 57.232 | R2: 52.289 | S2: 52.228 | T2: 52.506 | U2: 47.905 | V2: 50.325 | W2: 52.406 | X2: 54.877 | Y2: 55.578 | Z2: 53.257 | AA2: 56.037 | AB2: 55.775 | AC2: 52.778 | AD2: 49.127 | AE2: 47.779 | AF2: 56.642 | AG2: 53.523 | AH2: 55.469 | AI2: 53.597 | AJ2: 49.084 | AK2: 53.4 | AL2: 53.604 | AM2: 53.315 | AN2: 53.516 | AO2: 52.653 | AP2: 52.501 | AQ2: 54.693 | AR2: 49.402 | AS2: 59.468 | AT2: 51.034 | AU2: 48.83 | AV2: 49.997 | AW2: 49.982 | AX2: 56.295 | AY2: 56.166 | AZ2: 51.329
A3: 44533 | B3: =YEAR(A3) -> 2021 | C3: =MONTH(A3) -> 12 | D3: 70.035 | E3: 60.931 | F3: 66.243 | G3: 59.343 | H3: 65.057 | I3: 61.417 | J3: 70.019 | K3: 66.238 | L3: 60.808 | M3: 64.292 | N3: 65.194 | O3: 66.927 | P3: 70.742 | Q3: 68.646 | R3: 65.311 | S3: 64.614 | T3: 64.848 | U3: 59.985 | V3: 60.861 | W3: 63.941 | X3: 68.318 | Y3: 67.58 | Z3: 66.382 | AA3: 50.485 | AB3: 68.823 | AC3: 65.052 | AD3: 61.488 | AE3: 60.676 | AF3: 69.348 | AG3: 66.001 | AH3: 68.674 | AI3: 65.919 | AJ3: 59.147 | AK3: 66.021 | AL3: 65.84 | AM3: 63.801 | AN3: 67.145 | AO3: 65.238 | AP3: 65.171 | AQ3: 69.35 | AR3: 61.669 | AS3: 70.56 | AT3: 62.607 | AU3: 61.33 | AV3: 63.699 | AW3: 63.312 | AX3: 69.248 | AY3: 68.149 | AZ3: 62.149
A4: 44534 | B4: =YEAR(A4) -> 2021 | C4: =MONTH(A4) -> 12 | D4: 68.954 | E4: 59.628 | F4: 64.119 | G4: 57.615 | H4: 65.389 | I4: 61.089 | J4: 67.549 | K4: 64.323 | L4: 60.661 | M4: 62.354 | N4: 65.098 | O4: 66.488 | P4: 69.646 | Q4: 66.819 | R4: 64.718 | S4: 64.251 | T4: 65.352 | U4: 57.343 | V4: 60.811 | W4: 62.126 | X4: 68.595 | Y4: 65.833 | Z4: 65.798 | AA4: 49.756 | AB4: 67.944 | AC4: 63.856 | AD4: 61.406 | AE4: 59.877 | AF4: 68.761 | AG4: 64.971 | AH4: 67.545 | AI4: 64.551 | AJ4: 59.581 | AK4: 64.624 | AL4: 63.919 | AM4: 60.662 | AN4: 65.966 | AO4: 63.806 | AP4: 65.051 | AQ4: 68.365 | AR4: 60.551 | AS4: 69.806 | AT4: 59.804 | AU4: 62.864 | AV4: 60.158 | AW4: 63.709 | AX4: 66.938 | AY4: 66.001 | AZ4: 60.702
A5: 44535 | B5: =YEAR(A5) -> 2021 | C5: =MONTH(A5) -> 12 | D5: 73.977 | E5: 65.723 | F5: 70.254 | G5: 65.642 | H5: 70.851 | I5: 68.696 | J5: 69.865 | K5: 70.01 | L5: 67.201 | M5: 68.007 | N5: 71.734 | O5: 71.453 | P5: 74.316 | Q5: 73.436 | R5: 71.823 | S5: 70.427 | T5: 68.71 | U5: 65.366 | V5: 67.839 | W5: 66.98 | X5: 71.775 | Y5: 73.069 | Z5: 70.157 | AA5: 62.442 | AB5: 72.804 | AC5: 70.586 | AD5: 68.279 | AE5: 66.662 | AF5: 73.61 | AG5: 70.337 | AH5: 71.901 | AI5: 68.94 | AJ5: 66.329 | AK5: 68.583 | AL5: 69.753 | AM5: 66.75 | AN5: 72.159 | AO5: 68.078 | AP5: 69.095 | AQ5: 72.375 | AR5: 68.837 | AS5: 76.13 | AT5: 67.542 | AU5: 65.643 | AV5: 69.391 | AW5: 72.072 | AX5: 69.308 | AY5: 71.38 | AZ5: 62.43
A6: 44536 | B6: =YEAR(A6) -> 2021 | C6: =MONTH(A6) -> 12 | D6: 87.306 | E6: 79.602 | F6: 83.557 | G6: 79.616 | H6: 84.533 | I6: 83.817 | J6: 83.491 | K6: 78.238 | L6: 82.632 | M6: 82.965 | N6: 85.408 | O6: 85.55 | P6: 89.376 | Q6: 87.287 | R6: 83.823 | S6: 83.242 | T6: 83.302 | U6: 80.006 | V6: 81.158 | W6: 81.172 | X6: 86.143 | Y6: 88.022 | Z6: 84.893 | AA6: 76.345 | AB6: 87.142 | AC6: 85.068 | AD6: 82.059 | AE6: 80.308 | AF6: 86.932 | AG6: 83.991 | AH6: 85.904 | AI6: 83.782 | AJ6: 81.472 | AK6: 82.84 | AL6: 83.576 | AM6: 81.912 | AN6: 85.064 | AO6: 83.403 | AP6: 83.231 | AQ6: 85.836 | AR6: 83.213 | AS6: 90.212 | AT6: 80.808 | AU6: 75.48 | AV6: 84.394 | AW6: 84.674 | AX6: 84.785 | AY6: 85.273 | AZ6: 77.664
A7: 44537 | B7: =YEAR(A7) -> 2021 | C7: =MONTH(A7) -> 12 | D7: 97.932 | E7: 71.773 | F7: 72.848 | G7: 73.994 | H7: 78.193 | I7: 86.079 | J7: 92.113 | K7: 77.272 | L7: 97.63 | M7: 77.433 | N7: 88.448 | O7: 91.854 | P7: 83.99 | Q7: 81.337 | R7: 85.447 | S7: 70.642 | T7: 75.463 | U7: 71.369 | V7: 75.794 | W7: 75.112 | X7: 82.411 | Y7: 83.213 | Z7: 85.168 | AA7: 83.293 | AB7: 82.85 | AC7: 75.689 | AD7: 72.637 | AE7: 77.903 | AF7: 85.361 | AG7: 77.168 | AH7: 83.472 | AI7: 79.83 | AJ7: 77.949 | AK7: 82.956 | AL7: 78.663 | AM7: 81.294 | AN7: 73.859 | AO7: 90.147 | AP7: 71.596 | AQ7: 83.108 | AR7: 80.523 | AS7: 105.16 | AT7: 70.221 | AU7: 65.374 | AV7: 89.541 | AW7: 76.508 | AX7: 83.984 | AY7: 74.845 | AZ7: 68.608
A8: 44538 | B8: =YEAR(A8) -> 2021 | C8: =MONTH(A8) -> 12 | D8: 95.496 | E8: 73.493 | F8: 72.203 | G8: 68.163 | H8: 69.637 | I8: 97.425 | J8: 90.328 | K8: 73.659 | L8: 94.997 | M8: 79.36 | N8: 87.414 | O8: 83.917 | P8: 82.963 | Q8: 83.488 | R8: 87.223 | S8: 70.252 | T8: 71.743 | U8: 64.277 | V8: 70.39 | W8: 68.439 | X8: 79.841 | Y8: 79.235 | Z8: 82.807 | AA8: 90.38 | AB8: 80.818 | AC8: 79.022 | AD8: 75.214 | AE8: 78.769 | AF8: 90.222 | AG8: 73.009 | AH8: 80.19 | AI8: 78.168 | AJ8: 72.435 | AK8: 81.688 | AL8: 70.174 | AM8: 85.832 | AN8: 74.517 | AO8: 94.694 | AP8: 63.864 | AQ8: 87.788 | AR8: 79.605 | AS8: 104.447 | AT8: 64.677 | AU8: 56.138 | AV8: 92.13 | AW8: 77.326 | AX8: 83.264 | AY8: 76.2 | AZ8: 58.568
A9: 44539 | B9: =YEAR(A9) -> 2021 | C9: =MONTH(A9) -> 12 | D9: 96.758 | E9: 80.527 | F9: 75.849 | G9: 64.867 | H9: 76.453 | I9: 105.749 | J9: 86.762 | K9: 71.077 | L9: 81.338 | M9: 79.036 | N9: 87.302 | O9: 79.647 | P9: 83.619 | Q9: 90.861 | R9: 87.564 | S9: 70.915 | T9: 71.082 | U9: 74.718 | V9: 72.965 | W9: 69.15 | X9: 81.097 | Y9: 79.752 | Z9: 88.149 | AA9: 94.586 | AB9: 83.697 | AC9: 82.872 | AD9: 75.573 | AE9: 75.327 | AF9: 88.585 | AG9: 77.575 | AH9: 82.236 | AI9: 79.757 | AJ9: 70.636 | AK9: 83.009 | AL9: 74.193 | AM9: 89.618 | AN9: 77.271 | AO9: 94.495 | AP9: 67.635 | AQ9: 87.641 | AR9: 83.747 | AS9: 103.829 | AT9: 52.81 | AU9: 60.191 | AV9: 95.777 | AW9: 78.974 | AX9: 76.41 | AY9: 80.294 | AZ9: 70.608
A10: 44540 | B10: =YEAR(A10) -> 2021 | C10: =MONTH(A10) -> 12 | D10: 97.537 | E10: 79.923 | F10: 77.027 | G10: 77.53 | H10: 78.849 | I10: 91.358 | J10: 85.503 | K10: 80.174 | L10: 74.521 | M10: 74.369 | N10: 86.057 | O10: 83.889 | P10: 86.961 | Q10: 91.175 | R10: 87.974 | S10: 69.258 | T10: 72.836 | U10: 76.326 | V10: 77.129 | W10: 75.475 | X10: 83.981 | Y10: 65.071 | Z10: 86.424 | AA10: 76.115 | AB10: 80.318 | AC10: 78.322 | AD10: 76.146 | AE10: 76.236 | AF10: 96.639 | AG10: 81.221 | AH10: 73.128 | AI10: 81.604 | AJ10: 59.786 | AK10: 79.046 | AL10: 72.503 | AM10: 86.19 | AN10: 76.778 | AO10: 93.182 | AP10: 73.554 | AQ10: 89.358 | AR10: 79.732 | AS10: 97.232 | AT10: 48.516 | AU10: 67.96 | AV10: 92.39 | AW10: 81.241 | AX10: 74.114 | AY10: 84.76 | AZ10: 78.632
A11: 44541 | B11: =YEAR(A11) -> 2021 | C11: =MONTH(A11) -> 12 | D11: 92.075 | E11: 64.554 | F11: 68.575 | G11: 78.623 | H11: 65.897 | I11: 72.724 | J11: 74.796 | K11: 75.845 | L11: 60.315 | M11: 75.878 | N11: 79.325 | O11: 73.4 | P11: 80.508 | Q11: 85.095 | R11: 78.57 | S11: 70.138 | T11: 65.974 | U11: 71.282 | V11: 73.938 | W11: 66.618 | X11: 75.639 | Y11: 71.094 | Z11: 69.437 | AA11: 66.783 | AB11: 72.601 | AC11: 69.714 | AD11: 64.98 | AE11: 63.083 | AF11: 88.33 | AG11: 74.103 | AH11: 70.088 | AI11: 77.4 | AJ11: 64.723 | AK11: 74.317 | AL11: 62.258 | AM11: 74.778 | AN11: 72.854 | AO11: 87.666 | AP11: 70.351 | AQ11: 76.102 | AR11: 67.073 | AS11: 83.203 | AT11: 56.496 | AU11: 67.449 | AV11: 79.764 | AW11: 75.429 | AX11: 66.701 | AY11: 71.448 | AZ11: 70.478
A12: 44542 | B12: =YEAR(A12) -> 2021 | C12: =MONTH(A12) -> 12 | D12: 88.83 | E12: 62.589 | F12: 72.437 | G12: 88.26 | H12: 67.873 | I12: 66.567 | J12: 78.726 | K12: 79.274 | L12: 64.965 | M12: 74.898 | N12: 76.207 | O12: 74.114 | P12: 79.737 | Q12: 84.751 | R12: 78.114 | S12: 75.833 | T12: 65.113 | U12: 76.375 | V12: 76.071 | W12: 66.073 | X12: 81.024 | Y12: 74.353 | Z12: 73.096 | AA12: 62.465 | AB12: 74.33 | AC12: 72.922 | AD12: 60.244 | AE12: 65.847 | AF12: 90.419 | AG12: 74.149 | AH12: 63.886 | AI12: 68.163 | AJ12: 69.77 | AK12: 71.256 | AL12: 63.464 | AM12: 73.854 | AN12: 75.423 | AO12: 80.828 | AP12: 67.352 | AQ12: 79.988 | AR12: 67.928 | AS12: 78.239 | AT12: 62.016 | AU12: 68.062 | AV12: 78.168 | AW12: 74.704 | AX12: 71.056 | AY12: 67.141 | AZ12: 69.828
... A1857: 46387 | B1857: =YEAR(A1857) -> 2026 | C1857: =MONTH(A1857) -> 12 | D1857: 89.728 | E1857: 122.418 | F1857: 85.671 | G1857: 60.441 | H1857: 96.681 | I1857: 99.077 | J1857: 92.311 | K1857: 123.569 | L1857: 102.87 | M1857: 87.16 | N1857: 108.432 | O1857: 101.012 | P1857: 77.6 | Q1857: 85.517 | R1857: 80.882 | S1857: 115.085 | T1857: 84.317 | U1857: 95.173 | V1857: 71.255 | W1857: 93.067 | X1857: 79.167 | Y1857: 72.543 | Z1857: 83.753 | AA1857: 91.575 | AB1857: 91.467 | AC1857: 86.708 | AD1857: 101.637 | AE1857: 84.258 | AF1857: 74.995 | AG1857: 86.673 | AH1857: 84.3 | AI1857: 87.382 | AJ1857: 87.268 | AK1857: 94.494 | AL1857: 82.685 | AM1857: 92.785 | AN1857: 91.778 | AO1857: 95.383 | AP1857: 90.059 | AQ1857: 82.62 | AR1857: 91.843 | AS1857: 85.942 | AT1857: 78.771 | AU1857: 81.04 | AV1857: 84.881 | AW1857: 89.732 | AX1857: 91.043 | AY1857: 74.952 | AZ1857: 82.988

Sheet Sys Redisual Daily Energy L08
A1: 44531 | B1: =YEAR(A1) -> 2021 | C1: =MONTH(A1) -> 12 | D1: 16.566 | E1: 12.532 | F1: 15.712 | G1: 11.966 | H1: 15.12 | I1: 11.949 | J1: 16.762 | K1: 15.816 | L1: 11.701 | M1: 14.016 | N1: 14.936 | O1: 14.686 | P1: 17.807 | Q1: 17.096 | R1: 12.884 | S1: 14.228 | T1: 14.1 | U1: 13.087 | V1: 11.161 | W1: 13.693 | X1: 14.942 | Y1: 16.583 | Z1: 14.792 | AA1: 6.703 | AB1: 16.01 | AC1: 14.21 | AD1: 12.079 | AE1: 10.833 | AF1: 17.068 | AG1: 14.302 | AH1: 15.904 | AI1: 15.137 | AJ1: 12.669 | AK1: 15.081 | AL1: 13.921 | AM1: 14.998 | AN1: 13.967 | AO1: 12.567 | AP1: 13.289 | AQ1: 16.755 | AR1: 13.748 | AS1: 16.349 | AT1: 12.808 | AU1: 12.367 | AV1: 12.09 | AW1: 12.279 | AX1: 15.807 | AY1: 17.173 | AZ1: 11.722
A2: 44532 | B2: =YEAR(A2) -> 2021 | C2: =MONTH(A2) -> 12 | D2: 19.405 | E2: 13.886 | F2: 18.466 | G2: 13.271 | H2: 16.719 | I2: 13.948 | J2: 20.053 | K2: 18.437 | L2: 13.404 | M2: 15.337 | N2: 17.952 | O2: 16.726 | P2: 20.125 | Q2: 17.901 | R2: 16.064 | S2: 17.027 | T2: 16.513 | U2: 13.247 | V2: 14.812 | W2: 16.877 | X2: 17.847 | Y2: 17.729 | Z2: 16.988 | AA2: 8.152 | AB2: 18.407 | AC2: 17.218 | AD2: 13.879 | AE2: 13.441 | AF2: 19.194 | AG2: 16.608 | AH2: 18.482 | AI2: 17.236 | AJ2: 14.2 | AK2: 17.154 | AL2: 16.529 | AM2: 17.192 | AN2: 16.828 | AO2: 15.917 | AP2: 16.073 | AQ2: 17.577 | AR2: 13.541 | AS2: 20.229 | AT2: 15.242 | AU2: 14.059 | AV2: 13.768 | AW2: 13.352 | AX2: 18.7 | AY2: 18.656 | AZ2: 16.16
A3: 44533 | B3: =YEAR(A3) -> 2021 | C3: =MONTH(A3) -> 12 | D3: 26.78 | E3: 20.142 | F3: 24.869 | G3: 19.032 | H3: 24.119 | I3: 20.625 | J3: 26.852 | K3: 25.003 | L3: 20.009 | M3: 22.415 | N3: 23.166 | O3: 24.693 | P3: 26.455 | Q3: 24.207 | R3: 23.439 | S3: 23.889 | T3: 23.421 | U3: 20.109 | V3: 20.381 | W3: 23.281 | X3: 25.141 | Y3: 25.004 | Z3: 23.493 | AA3: 12.761 | AB3: 25.56 | AC3: 23.252 | AD3: 20.846 | AE3: 20.659 | AF3: 26.251 | AG3: 23.488 | AH3: 25.625 | AI3: 23.997 | AJ3: 19.818 | AK3: 24.106 | AL3: 23.39 | AM3: 23.103 | AN3: 24.998 | AO3: 23.526 | AP3: 23.047 | AQ3: 26.227 | AR3: 20.483 | AS3: 25.68 | AT3: 21.688 | AU3: 20.959 | AV3: 22.026 | AW3: 20.988 | AX3: 25.791 | AY3: 25.29 | AZ3: 21.395
A4: 44534 | B4: =YEAR(A4) -> 2021 | C4: =MONTH(A4) -> 12 | D4: 28.048 | E4: 20.738 | F4: 25.558 | G4: 19.435 | H4: 25.964 | I4: 22.166 | J4: 27.349 | K4: 25.854 | L4: 21.795 | M4: 23.278 | N4: 24.907 | O4: 26.114 | P4: 27.686 | Q4: 25.311 | R4: 24.875 | S4: 25.396 | T4: 25.452 | U4: 20.275 | V4: 22.591 | W4: 24.166 | X4: 27.03 | Y4: 26 | Z4: 24.991 | AA4: 14.057 | AB4: 26.844 | AC4: 24.439 | AD4: 22.912 | AE4: 22.114 | AF4: 27.739 | AG4: 24.684 | AH4: 26.862 | AI4: 25.158 | AJ4: 21.656 | AK4: 25.188 | AL4: 24.24 | AM4: 23.429 | AN4: 25.416 | AO4: 24.642 | AP4: 25.455 | AQ4: 27.567 | AR4: 21.673 | AS4: 27.059 | AT4: 21.555 | AU4: 24.114 | AV4: 20.77 | AW4: 23.681 | AX4: 26.533 | AY4: 25.96 | AZ4: 22.443
A5: 44535 | B5: =YEAR(A5) -> 2021 | C5: =MONTH(A5) -> 12 | D5: 29.385 | E5: 23.933 | F5: 27.5 | G5: 24.157 | H5: 27.775 | I5: 25.978 | J5: 28.064 | K5: 27.318 | L5: 25.015 | M5: 26.362 | N5: 28.242 | O5: 27.33 | P5: 28.865 | Q5: 29.039 | R5: 27.614 | S5: 27.494 | T5: 26.661 | U5: 24.127 | V5: 26.287 | W5: 25.78 | X5: 28.219 | Y5: 28.851 | Z5: 26.701 | AA5: 21.053 | AB5: 28.753 | AC5: 26.925 | AD5: 25.775 | AE5: 24.871 | AF5: 29.171 | AG5: 26.846 | AH5: 28.305 | AI5: 26.828 | AJ5: 24.712 | AK5: 26.713 | AL5: 27.223 | AM5: 25.743 | AN5: 27.795 | AO5: 26.538 | AP5: 26.168 | AQ5: 28.576 | AR5: 25.777 | AS5: 29.611 | AT5: 25.403 | AU5: 24.389 | AV5: 26.164 | AW5: 28.407 | AX5: 26.036 | AY5: 27.401 | AZ5: 24.327
A6: 44536 | B6: =YEAR(A6) -> 2021 | C6: =MONTH(A6) -> 12 | D6: 33.715 | E6: 28.191 | F6: 31.758 | G6: 28.268 | H6: 32.135 | I6: 31.297 | J6: 32.684 | K6: 30.141 | L6: 30.589 | M6: 30.871 | N6: 32.474 | O6: 32.259 | P6: 34.111 | Q6: 33.037 | R6: 31.834 | S6: 31.636 | T6: 30.852 | U6: 29.471 | V6: 30.282 | W6: 30.184 | X6: 32.468 | Y6: 33.645 | Z6: 31.906 | AA6: 25.34 | AB6: 33.046 | AC6: 32.324 | AD6: 30.611 | AE6: 29.913 | AF6: 33.385 | AG6: 31.532 | AH6: 32.604 | AI6: 31.325 | AJ6: 30.168 | AK6: 30.838 | AL6: 31.304 | AM6: 30.56 | AN6: 32.328 | AO6: 30.924 | AP6: 31.056 | AQ6: 32.858 | AR6: 30.684 | AS6: 34.6 | AT6: 29.943 | AU6: 27.749 | AV6: 31.451 | AW6: 32.047 | AX6: 32.086 | AY6: 32.159 | AZ6: 29.09
A7: 44537 | B7: =YEAR(A7) -> 2021 | C7: =MONTH(A7) -> 12 | D7: 40.487 | E7: 24.406 | F7: 28.389 | G7: 25.682 | H7: 30.448 | I7: 30.663 | J7: 37.373 | K7: 28.281 | L7: 38.559 | M7: 29.865 | N7: 34.455 | O7: 34.12 | P7: 33.063 | Q7: 31.279 | R7: 32.943 | S7: 25.394 | T7: 27.911 | U7: 26.654 | V7: 28.39 | W7: 28.517 | X7: 31.571 | Y7: 33.263 | Z7: 33.845 | AA7: 30.15 | AB7: 32.381 | AC7: 30.501 | AD7: 28.364 | AE7: 29.869 | AF7: 32.518 | AG7: 30.467 | AH7: 31.171 | AI7: 29.28 | AJ7: 30.544 | AK7: 32.342 | AL7: 29.454 | AM7: 31.465 | AN7: 28.609 | AO7: 35.322 | AP7: 27.392 | AQ7: 34.165 | AR7: 30.158 | AS7: 42.308 | AT7: 27.247 | AU7: 24.755 | AV7: 34.09 | AW7: 29.343 | AX7: 33.082 | AY7: 28.454 | AZ7: 25.336
A8: 44538 | B8: =YEAR(A8) -> 2021 | C8: =MONTH(A8) -> 12 | D8: 41.128 | E8: 24.589 | F8: 26.876 | G8: 22.659 | H8: 25.893 | I8: 35.997 | J8: 36.385 | K8: 27.346 | L8: 37.402 | M8: 30.845 | N8: 35.249 | O8: 30.854 | P8: 31.529 | Q8: 31.998 | R8: 34.625 | S8: 25.099 | T8: 26.536 | U8: 22.118 | V8: 25.914 | W8: 25.515 | X8: 31.122 | Y8: 31.073 | Z8: 33.206 | AA8: 32.836 | AB8: 31.206 | AC8: 29.166 | AD8: 28.459 | AE8: 29.214 | AF8: 35.661 | AG8: 27.93 | AH8: 29.052 | AI8: 30.178 | AJ8: 28.984 | AK8: 32.289 | AL8: 27.495 | AM8: 34.559 | AN8: 28.791 | AO8: 37.943 | AP8: 23.203 | AQ8: 35.217 | AR8: 30.047 | AS8: 43.712 | AT8: 22.753 | AU8: 17.846 | AV8: 35.923 | AW8: 28.016 | AX8: 34.372 | AY8: 28.678 | AZ8: 21.166
A9: 44539 | B9: =YEAR(A9) -> 2021 | C9: =MONTH(A9) -> 12 | D9: 41.94 | E9: 28.708 | F9: 27.701 | G9: 24.466 | H9: 28.643 | I9: 41.291 | J9: 33.314 | K9: 25.654 | L9: 30.929 | M9: 30.91 | N9: 34.652 | O9: 29.871 | P9: 32.081 | Q9: 35.17 | R9: 34.283 | S9: 26.602 | T9: 26.576 | U9: 28.551 | V9: 26.125 | W9: 24.16 | X9: 31.359 | Y9: 30.983 | Z9: 35.503 | AA9: 36.369 | AB9: 32.743 | AC9: 32.493 | AD9: 28.764 | AE9: 28.792 | AF9: 36.059 | AG9: 28.507 | AH9: 29.081 | AI9: 31.011 | AJ9: 27.361 | AK9: 31.333 | AL9: 28.104 | AM9: 37.569 | AN9: 31.42 | AO9: 37.225 | AP9: 24.697 | AQ9: 36.337 | AR9: 32.821 | AS9: 40.97 | AT9: 17.778 | AU9: 20.041 | AV9: 38.044 | AW9: 28.799 | AX9: 29.719 | AY9: 30.896 | AZ9: 26
A10: 44540 | B10: =YEAR(A10) -> 2021 | C10: =MONTH(A10) -> 12 | D10: 40.568 | E10: 30.634 | F10: 28.333 | G10: 25.665 | H10: 29.983 | I10: 36.027 | J10: 33.047 | K10: 29.579 | L10: 27.054 | M10: 28.148 | N10: 34.092 | O10: 31.644 | P10: 34.573 | Q10: 36.559 | R10: 35.05 | S10: 25.005 | T10: 27.318 | U10: 27.955 | V10: 29.735 | W10: 26.599 | X10: 33.47 | Y10: 24.631 | Z10: 33.515 | AA10: 28.13 | AB10: 31.559 | AC10: 30.618 | AD10: 28.631 | AE10: 30.021 | AF10: 38.369 | AG10: 31.409 | AH10: 28.214 | AI10: 32.81 | AJ10: 21.66 | AK10: 31.984 | AL10: 27.94 | AM10: 34.613 | AN10: 29.026 | AO10: 35.908 | AP10: 26.728 | AQ10: 35.937 | AR10: 31.433 | AS10: 38.627 | AT10: 15.131 | AU10: 23.58 | AV10: 36.67 | AW10: 30.361 | AX10: 28.995 | AY10: 32.093 | AZ10: 28.414
A11: 44541 | B11: =YEAR(A11) -> 2021 | C11: =MONTH(A11) -> 12 | D11: 39.685 | E11: 26.921 | F11: 29.458 | G11: 31.03 | H11: 27.883 | I11: 29.917 | J11: 30.442 | K11: 31.903 | L11: 23.589 | M11: 30.229 | N11: 33.002 | O11: 30.371 | P11: 34.713 | Q11: 36.397 | R11: 34.163 | S11: 27.935 | T11: 27.237 | U11: 27.938 | V11: 30.181 | W11: 26.501 | X11: 32.205 | Y11: 29.116 | Z11: 28.478 | AA11: 25.792 | AB11: 30.661 | AC11: 28.924 | AD11: 26.725 | AE11: 26.867 | AF11: 38.187 | AG11: 30.609 | AH11: 28.045 | AI11: 33.044 | AJ11: 25.425 | AK11: 31.716 | AL11: 24.578 | AM11: 31.559 | AN11: 29.657 | AO11: 36.328 | AP11: 28.817 | AQ11: 32.994 | AR11: 26.668 | AS11: 35.961 | AT11: 22.021 | AU11: 25.969 | AV11: 34.028 | AW11: 30.905 | AX11: 27.89 | AY11: 29.677 | AZ11: 29.11
A12: 44542 | B12: =YEAR(A12) -> 2021 | C12: =MONTH(A12) -> 12 | D12: 39.135 | E12: 25.368 | F12: 29.914 | G12: 33.422 | H12: 27.266 | I12: 26.579 | J12: 32.14 | K12: 32.387 | L12: 26.35 | M12: 32.388 | N12: 31.691 | O12: 29.985 | P12: 33.984 | Q12: 36.503 | R12: 32.532 | S12: 30.857 | T12: 28.367 | U12: 29.67 | V12: 30.826 | W12: 27.612 | X12: 33.097 | Y12: 30.177 | Z12: 30.104 | AA12: 24.889 | AB12: 31.371 | AC12: 28.925 | AD12: 25.243 | AE12: 26.224 | AF12: 40.259 | AG12: 30.546 | AH12: 25.4 | AI12: 29.13 | AJ12: 29.263 | AK12: 29.768 | AL12: 26.259 | AM12: 31.091 | AN12: 31.974 | AO12: 34.84 | AP12: 27.27 | AQ12: 35.59 | AR12: 27.524 | AS12: 33.647 | AT12: 24.227 | AU12: 27.758 | AV12: 34.426 | AW12: 30.052 | AX12: 28.625 | AY12: 28.845 | AZ12: 27.689
... A1857: 46387 | B1857: =YEAR(A1857) -> 2026 | C1857: =MONTH(A1857) -> 12 | D1857: 37.078 | E1857: 51.757 | F1857: 33.842 | G1857: 19.91 | H1857: 41.104 | I1857: 39.603 | J1857: 38.472 | K1857: 53.135 | L1857: 39.76 | M1857: 37.505 | N1857: 41.051 | O1857: 37.18 | P1857: 29.288 | Q1857: 35.493 | R1857: 32.5 | S1857: 50.469 | T1857: 37.979 | U1857: 40.175 | V1857: 25.676 | W1857: 39.941 | X1857: 28.474 | Y1857: 27.337 | Z1857: 32.305 | AA1857: 41.721 | AB1857: 42.83 | AC1857: 38.359 | AD1857: 39.042 | AE1857: 33.713 | AF1857: 27.36 | AG1857: 32.701 | AH1857: 32.269 | AI1857: 39.777 | AJ1857: 36.632 | AK1857: 38.39 | AL1857: 34.142 | AM1857: 37.389 | AN1857: 38.924 | AO1857: 41.451 | AP1857: 35.286 | AQ1857: 31.207 | AR1857: 36.019 | AS1857: 32.266 | AT1857: 34.849 | AU1857: 31.114 | AV1857: 33.061 | AW1857: 33.187 | AX1857: 39.701 | AY1857: 27.272 | AZ1857: 36.34

Sheet Sys Redisual Energy H16
A1: 44531 | B1: =YEAR(A1) -> 2021 | C1: =MONTH(A1) -> 12 | D1: =SUMIFS('Sys Redisual Daily Energy H16'!D:D,'Sys Redisual Daily Energy H16'!$B:$B,'Sys Redisual Energy H16'!$B1,'Sys Redisual Daily Energy H16'!$C:$C,'Sys Redisual Energy H16'!$C1) -> 2478.103 | E1: =SUMIFS('Sys Redisual Daily Energy H16'!E:E,'Sys Redisual Daily Energy H16'!$B:$B,'Sys Redisual Energy H16'!$B1,'Sys Redisual Daily Energy H16'!$C:$C,'Sys Redisual Energy H16'!$C1) -> 2191.334 | F1: =SUMIFS('Sys Redisual Daily Energy H16'!F:F,'Sys Redisual Daily Energy H16'!$B:$B,'Sys Redisual Energy H16'!$B1,'Sys Redisual Daily Energy H16'!$C:$C,'Sys Redisual Energy H16'!$C1) -> 2298.333 | G1: =SUMIFS('Sys Redisual Daily Energy H16'!G:G,'Sys Redisual Daily Energy H16'!$B:$B,'Sys Redisual Energy H16'!$B1,'Sys Redisual Daily Energy H16'!$C:$C,'Sys Redisual Energy H16'!$C1) -> 2226.653 | H1: =SUMIFS('Sys Redisual Daily Energy H16'!H:H,'Sys Redisual Daily Energy H16'!$B:$B,'Sys Redisual Energy H16'!$B1,'Sys Redisual Daily Energy H16'!$C:$C,'Sys Redisual Energy H16'!$C1) -> 2255.539 | I1: =SUMIFS('Sys Redisual Daily Energy H16'!I:I,'Sys Redisual Daily Energy H16'!$B:$B,'Sys Redisual Energy H16'!$B1,'Sys Redisual Daily Energy H16'!$C:$C,'Sys Redisual Energy H16'!$C1) -> 2452.824 | J1: =SUMIFS('Sys Redisual Daily Energy H16'!J:J,'Sys Redisual Daily Energy H16'!$B:$B,'Sys Redisual Energy H16'!$B1,'Sys Redisual Daily Energy H16'!$C:$C,'Sys Redisual Energy H16'!$C1) -> 2590.751 | K1: =SUMIFS('Sys Redisual Daily Energy H16'!K:K,'Sys Redisual Daily Energy H16'!$B:$B,'Sys Redisual Energy H16'!$B1,'Sys Redisual Daily Energy H16'!$C:$C,'Sys Redisual Energy H16'!$C1) -> 2232.865 | L1: =SUMIFS('Sys Redisual Daily Energy H16'!L:L,'Sys Redisual Daily Energy H16'!$B:$B,'Sys Redisual Energy H16'!$B1,'Sys Redisual Daily Energy H16'!$C:$C,'Sys Redisual Energy H16'!$C1) -> 2059.557 | M1: =SUMIFS('Sys Redisual Daily Energy H16'!M:M,'Sys Redisual Daily Energy H16'!$B:$B,'Sys Redisual Energy H16'!$B1,'Sys Redisual Daily Energy H16'!$C:$C,'Sys Redisual Energy H16'!$C1) -> 2376.382 | N1: =SUMIFS('Sys Redisual Daily Energy H16'!N:N,'Sys Redisual Daily Energy H16'!$B:$B,'Sys Redisual Energy H16'!$B1,'Sys Redisual Daily Energy H16'!$C:$C,'Sys Redisual Energy H16'!$C1) -> 2413.973 | O1: =SUMIFS('Sys Redisual Daily Energy H16'!O:O,'Sys Redisual Daily Energy H16'!$B:$B,'Sys Redisual Energy H16'!$B1,'Sys Redisual Daily Energy H16'!$C:$C,'Sys Redisual Energy H16'!$C1) -> 2635.903 | P1: =SUMIFS('Sys Redisual Daily Energy H16'!P:P,'Sys Redisual Daily Energy H16'!$B:$B,'Sys Redisual Energy H16'!$B1,'Sys Redisual Daily Energy H16'!$C:$C,'Sys Redisual Energy H16'!$C1) -> 2735.821 | Q1: =SUMIFS('Sys Redisual Daily Energy H16'!Q:Q,'Sys Redisual Daily Energy H16'!$B:$B,'Sys Redisual Energy H16'!$B1,'Sys Redisual Daily Energy H16'!$C:$C,'Sys Redisual Energy H16'!$C1) -> 2589.133 | R1: =SUMIFS('Sys Redisual Daily Energy H16'!R:R,'Sys Redisual Daily Energy H16'!$B:$B,'Sys Redisual Energy H16'!$B1,'Sys Redisual Daily Energy H16'!$C:$C,'Sys Redisual Energy H16'!$C1) -> 2336.978 | S1: =SUMIFS('Sys Redisual Daily Energy H16'!S:S,'Sys Redisual Daily Energy H16'!$B:$B,'Sys Redisual Energy H16'!$B1,'Sys Redisual Daily Energy H16'!$C:$C,'Sys Redisual Energy H16'!$C1) -> 2448.257 | T1: =SUMIFS('Sys Redisual Daily Energy H16'!T:T,'Sys Redisual Daily Energy H16'!$B:$B,'Sys Redisual Energy H16'!$B1,'Sys Redisual Daily Energy H16'!$C:$C,'Sys Redisual Energy H16'!$C1) -> 2373.605 | U1: =SUMIFS('Sys Redisual Daily Energy H16'!U:U,'Sys Redisual Daily Energy H16'!$B:$B,'Sys Redisual Energy H16'!$B1,'Sys Redisual Daily Energy H16'!$C:$C,'Sys Redisual Energy H16'!$C1) -> 2229.011 | V1: =SUMIFS('Sys Redisual Daily Energy H16'!V:V,'Sys Redisual Daily Energy H16'!$B:$B,'Sys Redisual Energy H16'!$B1,'Sys Redisual Daily Energy H16'!$C:$C,'Sys Redisual Energy H16'!$C1) -> 2591.225 | W1: =SUMIFS('Sys Redisual Daily Energy H16'!W:W,'Sys Redisual Daily Energy H16'!$B:$B,'Sys Redisual Energy H16'!$B1,'Sys Redisual Daily Energy H16'!$C:$C,'Sys Redisual Energy H16'!$C1) -> 2215.123 | X1: =SUMIFS('Sys Redisual Daily Energy H16'!X:X,'Sys Redisual Daily Energy H16'!$B:$B,'Sys Redisual Energy H16'!$B1,'Sys Redisual Daily Energy H16'!$C:$C,'Sys Redisual Energy H16'!$C1) -> 2548.211 | Y1: =SUMIFS('Sys Redisual Daily Energy H16'!Y:Y,'Sys Redisual Daily Energy H16'!$B:$B,'Sys Redisual Energy H16'!$B1,'Sys Redisual Daily Energy H16'!$C:$C,'Sys Redisual Energy H16'!$C1) -> 2436.487 | Z1: =SUMIFS('Sys Redisual Daily Energy H16'!Z:Z,'Sys Redisual Daily Energy H16'!$B:$B,'Sys Redisual Energy H16'!$B1,'Sys Redisual Daily Energy H16'!$C:$C,'Sys Redisual Energy H16'!$C1) -> 2270.169 | AA1: =SUMIFS('Sys Redisual Daily Energy H16'!AA:AA,'Sys Redisual Daily Energy H16'!$B:$B,'Sys Redisual Energy H16'!$B1,'Sys Redisual Daily Energy H16'!$C:$C,'Sys Redisual Energy H16'!$C1) -> 2149.845 | AB1: =SUMIFS('Sys Redisual Daily Energy H16'!AB:AB,'Sys Redisual Daily Energy H16'!$B:$B,'Sys Redisual Energy H16'!$B1,'Sys Redisual Daily Energy H16'!$C:$C,'Sys Redisual Energy H16'!$C1) -> 2696.526 | AC1: =SUMIFS('Sys Redisual Daily Energy H16'!AC:AC,'Sys Redisual Daily Energy H16'!$B:$B,'Sys Redisual Energy H16'!$B1,'Sys Redisual Daily Energy H16'!$C:$C,'Sys Redisual Energy H16'!$C1) -> 2266.873 | AD1: =SUMIFS('Sys Redisual Daily Energy H16'!AD:AD,'Sys Redisual Daily Energy H16'!$B:$B,'Sys Redisual Energy H16'!$B1,'Sys Redisual Daily Energy H16'!$C:$C,'Sys Redisual Energy H16'!$C1) -> 2285.641 | AE1: =SUMIFS('Sys Redisual Daily Energy H16'!AE:AE,'Sys Redisual Daily Energy H16'!$B:$B,'Sys Redisual Energy H16'!$B1,'Sys Redisual Daily Energy H16'!$C:$C,'Sys Redisual Energy H16'!$C1) -> 2233.247 | AF1: =SUMIFS('Sys Redisual Daily Energy H16'!AF:AF,'Sys Redisual Daily Energy H16'!$B:$B,'Sys Redisual Energy H16'!$B1,'Sys Redisual Daily Energy H16'!$C:$C,'Sys Redisual Energy H16'!$C1) -> 2603.527 | AG1: =SUMIFS('Sys Redisual Daily Energy H16'!AG:AG,'Sys Redisual Daily Energy H16'!$B:$B,'Sys Redisual Energy H16'!$B1,'Sys Redisual Daily Energy H16'!$C:$C,'Sys Redisual Energy H16'!$C1) -> 2355.231 | AH1: =SUMIFS('Sys Redisual Daily Energy H16'!AH:AH,'Sys Redisual Daily Energy H16'!$B:$B,'Sys Redisual Energy H16'!$B1,'Sys Redisual Daily Energy H16'!$C:$C,'Sys Redisual Energy H16'!$C1) -> 2333.922 | AI1: =SUMIFS('Sys Redisual Daily Energy H16'!AI:AI,'Sys Redisual Daily Energy H16'!$B:$B,'Sys Redisual Energy H16'!$B1,'Sys Redisual Daily Energy H16'!$C:$C,'Sys Redisual Energy H16'!$C1) -> 2341.534 | AJ1: =SUMIFS('Sys Redisual Daily Energy H16'!AJ:AJ,'Sys Redisual Daily Energy H16'!$B:$B,'Sys Redisual Energy H16'!$B1,'Sys Redisual Daily Energy H16'!$C:$C,'Sys Redisual Energy H16'!$C1) -> 2106.92 | AK1: =SUMIFS('Sys Redisual Daily Energy H16'!AK:AK,'Sys Redisual Daily Energy H16'!$B:$B,'Sys Redisual Energy H16'!$B1,'Sys Redisual Daily Energy H16'!$C:$C,'Sys Redisual Energy H16'!$C1) -> 2196.187 | AL1: =SUMIFS('Sys Redisual Daily Energy H16'!AL:AL,'Sys Redisual Daily Energy H16'!$B:$B,'Sys Redisual Energy H16'!$B1,'Sys Redisual Daily Energy H16'!$C:$C,'Sys Redisual Energy H16'!$C1) -> 2282.83 | AM1: =SUMIFS('Sys Redisual Daily Energy H16'!AM:AM,'Sys Redisual Daily Energy H16'!$B:$B,'Sys Redisual Energy H16'!$B1,'Sys Redisual Daily Energy H16'!$C:$C,'Sys Redisual Energy H16'!$C1) -> 2358.354 | AN1: =SUMIFS('Sys Redisual Daily Energy H16'!AN:AN,'Sys Redisual Daily Energy H16'!$B:$B,'Sys Redisual Energy H16'!$B1,'Sys Redisual Daily Energy H16'!$C:$C,'Sys Redisual Energy H16'!$C1) -> 2673.168 | AO1: =SUMIFS('Sys Redisual Daily Energy H16'!AO:AO,'Sys Redisual Daily Energy H16'!$B:$B,'Sys Redisual Energy H16'!$B1,'Sys Redisual Daily Energy H16'!$C:$C,'Sys Redisual Energy H16'!$C1) -> 2467.855 | AP1: =SUMIFS('Sys Redisual Daily Energy H16'!AP:AP,'Sys Redisual Daily Energy H16'!$B:$B,'Sys Redisual Energy H16'!$B1,'Sys Redisual Daily Energy H16'!$C:$C,'Sys Redisual Energy H16'!$C1) -> 2267.694 | AQ1: =SUMIFS('Sys Redisual Daily Energy H16'!AQ:AQ,'Sys Redisual Daily Energy H16'!$B:$B,'Sys Redisual Energy H16'!$B1,'Sys Redisual Daily Energy H16'!$C:$C,'Sys Redisual Energy H16'!$C1) -> 2409.873 | AR1: =SUMIFS('Sys Redisual Daily Energy H16'!AR:AR,'Sys Redisual Daily Energy H16'!$B:$B,'Sys Redisual Energy H16'!$B1,'Sys Redisual Daily Energy H16'!$C:$C,'Sys Redisual Energy H16'!$C1) -> 2369.411 | AS1: =SUMIFS('Sys Redisual Daily Energy H16'!AS:AS,'Sys Redisual Daily Energy H16'!$B:$B,'Sys Redisual Energy H16'!$B1,'Sys Redisual Daily Energy H16'!$C:$C,'Sys Redisual Energy H16'!$C1) -> 2572.366 | AT1: =SUMIFS('Sys Redisual Daily Energy H16'!AT:AT,'Sys Redisual Daily Energy H16'!$B:$B,'Sys Redisual Energy H16'!$B1,'Sys Redisual Daily Energy H16'!$C:$C,'Sys Redisual Energy H16'!$C1) -> 2087.796 | AU1: =SUMIFS('Sys Redisual Daily Energy H16'!AU:AU,'Sys Redisual Daily Energy H16'!$B:$B,'Sys Redisual Energy H16'!$B1,'Sys Redisual Daily Energy H16'!$C:$C,'Sys Redisual Energy H16'!$C1) -> 2234.491 | AV1: =SUMIFS('Sys Redisual Daily Energy H16'!AV:AV,'Sys Redisual Daily Energy H16'!$B:$B,'Sys Redisual Energy H16'!$B1,'Sys Redisual Daily Energy H16'!$C:$C,'Sys Redisual Energy H16'!$C1) -> 2554.104 | AW1: =SUMIFS('Sys Redisual Daily Energy H16'!AW:AW,'Sys Redisual Daily Energy H16'!$B:$B,'Sys Redisual Energy H16'!$B1,'Sys Redisual Daily Energy H16'!$C:$C,'Sys Redisual Energy H16'!$C1) -> 2449.698 | AX1: =SUMIFS('Sys Redisual Daily Energy H16'!AX:AX,'Sys Redisual Daily Energy H16'!$B:$B,'Sys Redisual Energy H16'!$B1,'Sys Redisual Daily Energy H16'!$C:$C,'Sys Redisual Energy H16'!$C1) -> 2254.734 | AY1: =SUMIFS('Sys Redisual Daily Energy H16'!AY:AY,'Sys Redisual Daily Energy H16'!$B:$B,'Sys Redisual Energy H16'!$B1,'Sys Redisual Daily Energy H16'!$C:$C,'Sys Redisual Energy H16'!$C1) -> 2361.46 | AZ1: =SUMIFS('Sys Redisual Daily Energy H16'!AZ:AZ,'Sys Redisual Daily Energy H16'!$B:$B,'Sys Redisual Energy H16'!$B1,'Sys Redisual Daily Energy H16'!$C:$C,'Sys Redisual Energy H16'!$C1) -> 2237.269
A2: 44562 | B2: =YEAR(A2) -> 2022 | C2: =MONTH(A2) -> 1 | D2: =SUMIFS('Sys Redisual Daily Energy H16'!D:D,'Sys Redisual Daily Energy H16'!$B:$B,'Sys Redisual Energy H16'!$B2,'Sys Redisual Daily Energy H16'!$C:$C,'Sys Redisual Energy H16'!$C2) -> 2533.819 | E2: =SUMIFS('Sys Redisual Daily Energy H16'!E:E,'Sys Redisual Daily Energy H16'!$B:$B,'Sys Redisual Energy H16'!$B2,'Sys Redisual Daily Energy H16'!$C:$C,'Sys Redisual Energy H16'!$C2) -> 2226.419 | F2: =SUMIFS('Sys Redisual Daily Energy H16'!F:F,'Sys Redisual Daily Energy H16'!$B:$B,'Sys Redisual Energy H16'!$B2,'Sys Redisual Daily Energy H16'!$C:$C,'Sys Redisual Energy H16'!$C2) -> 2644.22 | G2: =SUMIFS('Sys Redisual Daily Energy H16'!G:G,'Sys Redisual Daily Energy H16'!$B:$B,'Sys Redisual Energy H16'!$B2,'Sys Redisual Daily Energy H16'!$C:$C,'Sys Redisual Energy H16'!$C2) -> 2250.229 | H2: =SUMIFS('Sys Redisual Daily Energy H16'!H:H,'Sys Redisual Daily Energy H16'!$B:$B,'Sys Redisual Energy H16'!$B2,'Sys Redisual Daily Energy H16'!$C:$C,'Sys Redisual Energy H16'!$C2) -> 2664.37 | I2: =SUMIFS('Sys Redisual Daily Energy H16'!I:I,'Sys Redisual Daily Energy H16'!$B:$B,'Sys Redisual Energy H16'!$B2,'Sys Redisual Daily Energy H16'!$C:$C,'Sys Redisual Energy H16'!$C2) -> 2599.439 | J2: =SUMIFS('Sys Redisual Daily Energy H16'!J:J,'Sys Redisual Daily Energy H16'!$B:$B,'Sys Redisual Energy H16'!$B2,'Sys Redisual Daily Energy H16'!$C:$C,'Sys Redisual Energy H16'!$C2) -> 3112.205 | K2: =SUMIFS('Sys Redisual Daily Energy H16'!K:K,'Sys Redisual Daily Energy H16'!$B:$B,'Sys Redisual Energy H16'!$B2,'Sys Redisual Daily Energy H16'!$C:$C,'Sys Redisual Energy H16'!$C2) -> 2726.516 | L2: =SUMIFS('Sys Redisual Daily Energy H16'!L:L,'Sys Redisual Daily Energy H16'!$B:$B,'Sys Redisual Energy H16'!$B2,'Sys Redisual Daily Energy H16'!$C:$C,'Sys Redisual Energy H16'!$C2) -> 2031.789 | M2: =SUMIFS('Sys Redisual Daily Energy H16'!M:M,'Sys Redisual Daily Energy H16'!$B:$B,'Sys Redisual Energy H16'!$B2,'Sys Redisual Daily Energy H16'!$C:$C,'Sys Redisual Energy H16'!$C2) -> 2678.926 | N2: =SUMIFS('Sys Redisual Daily Energy H16'!N:N,'Sys Redisual Daily Energy H16'!$B:$B,'Sys Redisual Energy H16'!$B2,'Sys Redisual Daily Energy H16'!$C:$C,'Sys Redisual Energy H16'!$C2) -> 2209.741 | O2: =SUMIFS('Sys Redisual Daily Energy H16'!O:O,'Sys Redisual Daily Energy H16'!$B:$B,'Sys Redisual Energy H16'!$B2,'Sys Redisual Daily Energy H16'!$C:$C,'Sys Redisual Energy H16'!$C2) -> 2287.4 | P2: =SUMIFS('Sys Redisual Daily Energy H16'!P:P,'Sys Redisual Daily Energy H16'!$B:$B,'Sys Redisual Energy H16'!$B2,'Sys Redisual Daily Energy H16'!$C:$C,'Sys Redisual Energy H16'!$C2) -> 2830.832 | Q2: =SUMIFS('Sys Redisual Daily Energy H16'!Q:Q,'Sys Redisual Daily Energy H16'!$B:$B,'Sys Redisual Energy H16'!$B2,'Sys Redisual Daily Energy H16'!$C:$C,'Sys Redisual Energy H16'!$C2) -> 2443.221 | R2: =SUMIFS('Sys Redisual Daily Energy H16'!R:R,'Sys Redisual Daily Energy H16'!$B:$B,'Sys Redisual Energy H16'!$B2,'Sys Redisual Daily Energy H16'!$C:$C,'Sys Redisual Energy H16'!$C2) -> 2368.656 | S2: =SUMIFS('Sys Redisual Daily Energy H16'!S:S,'Sys Redisual Daily Energy H16'!$B:$B,'Sys Redisual Energy H16'!$B2,'Sys Redisual Daily Energy H16'!$C:$C,'Sys Redisual Energy H16'!$C2) -> 2773.945 | T2: =SUMIFS('Sys Redisual Daily Energy H16'!T:T,'Sys Redisual Daily Energy H16'!$B:$B,'Sys Redisual Energy H16'!$B2,'Sys Redisual Daily Energy H16'!$C:$C,'Sys Redisual Energy H16'!$C2) -> 2601.184 | U2: =SUMIFS('Sys Redisual Daily Energy H16'!U:U,'Sys Redisual Daily Energy H16'!$B:$B,'Sys Redisual Energy H16'!$B2,'Sys Redisual Daily Energy H16'!$C:$C,'Sys Redisual Energy H16'!$C2) -> 2286.725 | V2: =SUMIFS('Sys Redisual Daily Energy H16'!V:V,'Sys Redisual Daily Energy H16'!$B:$B,'Sys Redisual Energy H16'!$B2,'Sys Redisual Daily Energy H16'!$C:$C,'Sys Redisual Energy H16'!$C2) -> 2546.818 | W2: =SUMIFS('Sys Redisual Daily Energy H16'!W:W,'Sys Redisual Daily Energy H16'!$B:$B,'Sys Redisual Energy H16'!$B2,'Sys Redisual Daily Energy H16'!$C:$C,'Sys Redisual Energy H16'!$C2) -> 2169.696 | X2: =SUMIFS('Sys Redisual Daily Energy H16'!X:X,'Sys Redisual Daily Energy H16'!$B:$B,'Sys Redisual Energy H16'!$B2,'Sys Redisual Daily Energy H16'!$C:$C,'Sys Redisual Energy H16'!$C2) -> 2896.244 | Y2: =SUMIFS('Sys Redisual Daily Energy H16'!Y:Y,'Sys Redisual Daily Energy H16'!$B:$B,'Sys Redisual Energy H16'!$B2,'Sys Redisual Daily Energy H16'!$C:$C,'Sys Redisual Energy H16'!$C2) -> 2370.729 | Z2: =SUMIFS('Sys Redisual Daily Energy H16'!Z:Z,'Sys Redisual Daily Energy H16'!$B:$B,'Sys Redisual Energy H16'!$B2,'Sys Redisual Daily Energy H16'!$C:$C,'Sys Redisual Energy H16'!$C2) -> 2455.934 | AA2: =SUMIFS('Sys Redisual Daily Energy H16'!AA:AA,'Sys Redisual Daily Energy H16'!$B:$B,'Sys Redisual Energy H16'!$B2,'Sys Redisual Daily Energy H16'!$C:$C,'Sys Redisual Energy H16'!$C2) -> 2299.463 | AB2: =SUMIFS('Sys Redisual Daily Energy H16'!AB:AB,'Sys Redisual Daily Energy H16'!$B:$B,'Sys Redisual Energy H16'!$B2,'Sys Redisual Daily Energy H16'!$C:$C,'Sys Redisual Energy H16'!$C2) -> 2265.576 | AC2: =SUMIFS('Sys Redisual Daily Energy H16'!AC:AC,'Sys Redisual Daily Energy H16'!$B:$B,'Sys Redisual Energy H16'!$B2,'Sys Redisual Daily Energy H16'!$C:$C,'Sys Redisual Energy H16'!$C2) -> 2401.347 | AD2: =SUMIFS('Sys Redisual Daily Energy H16'!AD:AD,'Sys Redisual Daily Energy H16'!$B:$B,'Sys Redisual Energy H16'!$B2,'Sys Redisual Daily Energy H16'!$C:$C,'Sys Redisual Energy H16'!$C2) -> 2240.895 | AE2: =SUMIFS('Sys Redisual Daily Energy H16'!AE:AE,'Sys Redisual Daily Energy H16'!$B:$B,'Sys Redisual Energy H16'!$B2,'Sys Redisual Daily Energy H16'!$C:$C,'Sys Redisual Energy H16'!$C2) -> 2489.501 | AF2: =SUMIFS('Sys Redisual Daily Energy H16'!AF:AF,'Sys Redisual Daily Energy H16'!$B:$B,'Sys Redisual Energy H16'!$B2,'Sys Redisual Daily Energy H16'!$C:$C,'Sys Redisual Energy H16'!$C2) -> 2621.968 | AG2: =SUMIFS('Sys Redisual Daily Energy H16'!AG:AG,'Sys Redisual Daily Energy H16'!$B:$B,'Sys Redisual Energy H16'!$B2,'Sys Redisual Daily Energy H16'!$C:$C,'Sys Redisual Energy H16'!$C2) -> 2357.033 | AH2: =SUMIFS('Sys Redisual Daily Energy H16'!AH:AH,'Sys Redisual Daily Energy H16'!$B:$B,'Sys Redisual Energy H16'!$B2,'Sys Redisual Daily Energy H16'!$C:$C,'Sys Redisual Energy H16'!$C2) -> 2310.548 | AI2: =SUMIFS('Sys Redisual Daily Energy H16'!AI:AI,'Sys Redisual Daily Energy H16'!$B:$B,'Sys Redisual Energy H16'!$B2,'Sys Redisual Daily Energy H16'!$C:$C,'Sys Redisual Energy H16'!$C2) -> 2470.453 | AJ2: =SUMIFS('Sys Redisual Daily Energy H16'!AJ:AJ,'Sys Redisual Daily Energy H16'!$B:$B,'Sys Redisual Energy H16'!$B2,'Sys Redisual Daily Energy H16'!$C:$C,'Sys Redisual Energy H16'!$C2) -> 2262.325 | AK2: =SUMIFS('Sys Redisual Daily Energy H16'!AK:AK,'Sys Redisual Daily Energy H16'!$B:$B,'Sys Redisual Energy H16'!$B2,'Sys Redisual Daily Energy H16'!$C:$C,'Sys Redisual Energy H16'!$C2) -> 2016.266 | AL2: =SUMIFS('Sys Redisual Daily Energy H16'!AL:AL,'Sys Redisual Daily Energy H16'!$B:$B,'Sys Redisual Energy H16'!$B2,'Sys Redisual Daily Energy H16'!$C:$C,'Sys Redisual Energy H16'!$C2) -> 2389.238 | AM2: =SUMIFS('Sys Redisual Daily Energy H16'!AM:AM,'Sys Redisual Daily Energy H16'!$B:$B,'Sys Redisual Energy H16'!$B2,'Sys Redisual Daily Energy H16'!$C:$C,'Sys Redisual Energy H16'!$C2) -> 2640.361 | AN2: =SUMIFS('Sys Redisual Daily Energy H16'!AN:AN,'Sys Redisual Daily Energy H16'!$B:$B,'Sys Redisual Energy H16'!$B2,'Sys Redisual Daily Energy H16'!$C:$C,'Sys Redisual Energy H16'!$C2) -> 2665.73 | AO2: =SUMIFS('Sys Redisual Daily Energy H16'!AO:AO,'Sys Redisual Daily Energy H16'!$B:$B,'Sys Redisual Energy H16'!$B2,'Sys Redisual Daily Energy H16'!$C:$C,'Sys Redisual Energy H16'!$C2) -> 2284.173 | AP2: =SUMIFS('Sys Redisual Daily Energy H16'!AP:AP,'Sys Redisual Daily Energy H16'!$B:$B,'Sys Redisual Energy H16'!$B2,'Sys Redisual Daily Energy H16'!$C:$C,'Sys Redisual Energy H16'!$C2) -> 2248.257 | AQ2: =SUMIFS('Sys Redisual Daily Energy H16'!AQ:AQ,'Sys Redisual Daily Energy H16'!$B:$B,'Sys Redisual Energy H16'!$B2,'Sys Redisual Daily Energy H16'!$C:$C,'Sys Redisual Energy H16'!$C2) -> 2471.734 | AR2: =SUMIFS('Sys Redisual Daily Energy H16'!AR:AR,'Sys Redisual Daily Energy H16'!$B:$B,'Sys Redisual Energy H16'!$B2,'Sys Redisual Daily Energy H16'!$C:$C,'Sys Redisual Energy H16'!$C2) -> 2624.32 | AS2: =SUMIFS('Sys Redisual Daily Energy H16'!AS:AS,'Sys Redisual Daily Energy H16'!$B:$B,'Sys Redisual Energy H16'!$B2,'Sys Redisual Daily Energy H16'!$C:$C,'Sys Redisual Energy H16'!$C2) -> 2506.701 | AT2: =SUMIFS('Sys Redisual Daily Energy H16'!AT:AT,'Sys Redisual Daily Energy H16'!$B:$B,'Sys Redisual Energy H16'!$B2,'Sys Redisual Daily Energy H16'!$C:$C,'Sys Redisual Energy H16'!$C2) -> 2203.424 | AU2: =SUMIFS('Sys Redisual Daily Energy H16'!AU:AU,'Sys Redisual Daily Energy H16'!$B:$B,'Sys Redisual Energy H16'!$B2,'Sys Redisual Daily Energy H16'!$C:$C,'Sys Redisual Energy H16'!$C2) -> 2461.943 | AV2: =SUMIFS('Sys Redisual Daily Energy H16'!AV:AV,'Sys Redisual Daily Energy H16'!$B:$B,'Sys Redisual Energy H16'!$B2,'Sys Redisual Daily Energy H16'!$C:$C,'Sys Redisual Energy H16'!$C2) -> 2573.768 | AW2: =SUMIFS('Sys Redisual Daily Energy H16'!AW:AW,'Sys Redisual Daily Energy H16'!$B:$B,'Sys Redisual Energy H16'!$B2,'Sys Redisual Daily Energy H16'!$C:$C,'Sys Redisual Energy H16'!$C2) -> 2336.892 | AX2: =SUMIFS('Sys Redisual Daily Energy H16'!AX:AX,'Sys Redisual Daily Energy H16'!$B:$B,'Sys Redisual Energy H16'!$B2,'Sys Redisual Daily Energy H16'!$C:$C,'Sys Redisual Energy H16'!$C2) -> 2363.845 | AY2: =SUMIFS('Sys Redisual Daily Energy H16'!AY:AY,'Sys Redisual Daily Energy H16'!$B:$B,'Sys Redisual Energy H16'!$B2,'Sys Redisual Daily Energy H16'!$C:$C,'Sys Redisual Energy H16'!$C2) -> 2418.962 | AZ2: =SUMIFS('Sys Redisual Daily Energy H16'!AZ:AZ,'Sys Redisual Daily Energy H16'!$B:$B,'Sys Redisual Energy H16'!$B2,'Sys Redisual Daily Energy H16'!$C:$C,'Sys Redisual Energy H16'!$C2) -> 2841.246
